fold,max_depth,max_features,min_samples_split,min_samples_leaf,bootstrap,f1
1,5.0,sqrt,2,1,True,0.562833824633635
1,5.0,sqrt,5,1,True,0.5946885097076966
1,5.0,sqrt,10,1,True,0.5759398619103822
1,5.0,sqrt,2,2,True,0.5654947420074667
1,5.0,sqrt,5,2,True,0.5884460942932077
1,5.0,sqrt,10,2,True,0.5753617396237244
1,5.0,sqrt,2,5,True,0.554527016014615
1,5.0,sqrt,5,5,True,0.554527016014615
1,5.0,sqrt,10,5,True,0.554527016014615
1,5.0,sqrt,2,10,True,0.592000002723952
1,5.0,sqrt,5,10,True,0.592000002723952
1,5.0,sqrt,10,10,True,0.592000002723952
1,5.0,log2,2,1,True,0.35250526243070335
1,5.0,log2,5,1,True,0.3367894187539474
1,5.0,log2,10,1,True,0.3382000453629684
1,5.0,log2,2,2,True,0.36101939786780146
1,5.0,log2,5,2,True,0.34034502685268136
1,5.0,log2,10,2,True,0.33764252956569346
1,5.0,log2,2,5,True,0.33896264287427724
1,5.0,log2,5,5,True,0.33896264287427724
1,5.0,log2,10,5,True,0.33896264287427724
1,5.0,log2,2,10,True,0.3257467588738624
1,5.0,log2,5,10,True,0.3257467588738624
1,5.0,log2,10,10,True,0.3257467588738624
1,5.0,0.1,2,1,True,0.6610651909496269
1,5.0,0.1,5,1,True,0.6325810119161651
1,5.0,0.1,10,1,True,0.6862834942390311
1,5.0,0.1,2,2,True,0.649496768725543
1,5.0,0.1,5,2,True,0.6628928616444323
1,5.0,0.1,10,2,True,0.6640583271113318
1,5.0,0.1,2,5,True,0.6335137556117786
1,5.0,0.1,5,5,True,0.6335137556117786
1,5.0,0.1,10,5,True,0.6335137556117786
1,5.0,0.1,2,10,True,0.6047018105828665
1,5.0,0.1,5,10,True,0.6047018105828665
1,5.0,0.1,10,10,True,0.6047018105828665
1,5.0,0.25,2,1,True,0.7918353529862443
1,5.0,0.25,5,1,True,0.7820550391891183
1,5.0,0.25,10,1,True,0.795903455739951
1,5.0,0.25,2,2,True,0.778452346018446
1,5.0,0.25,5,2,True,0.7781058619043933
1,5.0,0.25,10,2,True,0.798378429538121
1,5.0,0.25,2,5,True,0.7870522795438851
1,5.0,0.25,5,5,True,0.7870522795438851
1,5.0,0.25,10,5,True,0.7870522795438851
1,5.0,0.25,2,10,True,0.7506791356766144
1,5.0,0.25,5,10,True,0.7506791356766144
1,5.0,0.25,10,10,True,0.7506791356766144
1,5.0,0.5,2,1,True,0.8091977628375533
1,5.0,0.5,5,1,True,0.8180087237961814
1,5.0,0.5,10,1,True,0.8082584860062758
1,5.0,0.5,2,2,True,0.8123238313046605
1,5.0,0.5,5,2,True,0.8123211044570915
1,5.0,0.5,10,2,True,0.8135216302367392
1,5.0,0.5,2,5,True,0.8117541035389128
1,5.0,0.5,5,5,True,0.8117541035389128
1,5.0,0.5,10,5,True,0.8117541035389128
1,5.0,0.5,2,10,True,0.7967767400427137
1,5.0,0.5,5,10,True,0.7967767400427137
1,5.0,0.5,10,10,True,0.7967767400427137
1,10.0,sqrt,2,1,True,0.7660235334608038
1,10.0,sqrt,5,1,True,0.7676411462819006
1,10.0,sqrt,10,1,True,0.7422925023440553
1,10.0,sqrt,2,2,True,0.7833066084471962
1,10.0,sqrt,5,2,True,0.7683707421576373
1,10.0,sqrt,10,2,True,0.7466517031025741
1,10.0,sqrt,2,5,True,0.729518372242693
1,10.0,sqrt,5,5,True,0.729518372242693
1,10.0,sqrt,10,5,True,0.729518372242693
1,10.0,sqrt,2,10,True,0.7039954291156532
1,10.0,sqrt,5,10,True,0.7039954291156532
1,10.0,sqrt,10,10,True,0.7039954291156532
1,10.0,log2,2,1,True,0.5828883950620767
1,10.0,log2,5,1,True,0.5564958507373817
1,10.0,log2,10,1,True,0.5785315994131658
1,10.0,log2,2,2,True,0.5801047762346339
1,10.0,log2,5,2,True,0.5579461838286647
1,10.0,log2,10,2,True,0.5549780975854002
1,10.0,log2,2,5,True,0.5376225809897698
1,10.0,log2,5,5,True,0.5376225809897698
1,10.0,log2,10,5,True,0.5376225809897698
1,10.0,log2,2,10,True,0.473085118843632
1,10.0,log2,5,10,True,0.473085118843632
1,10.0,log2,10,10,True,0.473085118843632
1,10.0,0.1,2,1,True,0.8078616363978185
1,10.0,0.1,5,1,True,0.8081377837509471
1,10.0,0.1,10,1,True,0.8164336828775927
1,10.0,0.1,2,2,True,0.8133635257502835
1,10.0,0.1,5,2,True,0.7997324757588186
1,10.0,0.1,10,2,True,0.8050194895977117
1,10.0,0.1,2,5,True,0.7916442703861684
1,10.0,0.1,5,5,True,0.7916442703861684
1,10.0,0.1,10,5,True,0.7916442703861684
1,10.0,0.1,2,10,True,0.7425166550361797
1,10.0,0.1,5,10,True,0.7425166550361797
1,10.0,0.1,10,10,True,0.7425166550361797
1,10.0,0.25,2,1,True,0.836873417778411
1,10.0,0.25,5,1,True,0.8423129843684858
1,10.0,0.25,10,1,True,0.8216568582300228
1,10.0,0.25,2,2,True,0.8445077225064939
1,10.0,0.25,5,2,True,0.8363894228136957
1,10.0,0.25,10,2,True,0.8186056743907931
1,10.0,0.25,2,5,True,0.8312399857033472
1,10.0,0.25,5,5,True,0.8312399857033472
1,10.0,0.25,10,5,True,0.8312399857033472
1,10.0,0.25,2,10,True,0.7828909967564505
1,10.0,0.25,5,10,True,0.7828909967564505
1,10.0,0.25,10,10,True,0.7828909967564505
1,10.0,0.5,2,1,True,0.8519287240170416
1,10.0,0.5,5,1,True,0.8444087651495804
1,10.0,0.5,10,1,True,0.8472844290948451
1,10.0,0.5,2,2,True,0.8419525745908729
1,10.0,0.5,5,2,True,0.841982302590041
1,10.0,0.5,10,2,True,0.8435543501172559
1,10.0,0.5,2,5,True,0.8389444027235035
1,10.0,0.5,5,5,True,0.8389444027235035
1,10.0,0.5,10,5,True,0.8389444027235035
1,10.0,0.5,2,10,True,0.8190071451155443
1,10.0,0.5,5,10,True,0.8190071451155443
1,10.0,0.5,10,10,True,0.8190071451155443
1,20.0,sqrt,2,1,True,0.7615569337231124
1,20.0,sqrt,5,1,True,0.7805723970246919
1,20.0,sqrt,10,1,True,0.8005136086903402
1,20.0,sqrt,2,2,True,0.7896087133494871
1,20.0,sqrt,5,2,True,0.7907588684963397
1,20.0,sqrt,10,2,True,0.7706129482254557
1,20.0,sqrt,2,5,True,0.7521127619694902
1,20.0,sqrt,5,5,True,0.7521127619694902
1,20.0,sqrt,10,5,True,0.7521127619694902
1,20.0,sqrt,2,10,True,0.7133480888198638
1,20.0,sqrt,5,10,True,0.7133480888198638
1,20.0,sqrt,10,10,True,0.7133480888198638
1,20.0,log2,2,1,True,0.6401609918569614
1,20.0,log2,5,1,True,0.6870965795890345
1,20.0,log2,10,1,True,0.6305869174157315
1,20.0,log2,2,2,True,0.617343694416115
1,20.0,log2,5,2,True,0.6138638868987117
1,20.0,log2,10,2,True,0.6359937481152107
1,20.0,log2,2,5,True,0.5918366860602815
1,20.0,log2,5,5,True,0.5918366860602815
1,20.0,log2,10,5,True,0.5918366860602815
1,20.0,log2,2,10,True,0.5315542421163809
1,20.0,log2,5,10,True,0.5315542421163809
1,20.0,log2,10,10,True,0.5315542421163809
1,20.0,0.1,2,1,True,0.8044493861025112
1,20.0,0.1,5,1,True,0.8312731859054561
1,20.0,0.1,10,1,True,0.8242964776004167
1,20.0,0.1,2,2,True,0.8098062715384702
1,20.0,0.1,5,2,True,0.8054462002334308
1,20.0,0.1,10,2,True,0.8030288044902768
1,20.0,0.1,2,5,True,0.8107710522976577
1,20.0,0.1,5,5,True,0.8107710522976577
1,20.0,0.1,10,5,True,0.8107710522976577
1,20.0,0.1,2,10,True,0.7571450317786302
1,20.0,0.1,5,10,True,0.7571450317786302
1,20.0,0.1,10,10,True,0.7571450317786302
1,20.0,0.25,2,1,True,0.8399536478182963
1,20.0,0.25,5,1,True,0.8350984236619803
1,20.0,0.25,10,1,True,0.8394221141126785
1,20.0,0.25,2,2,True,0.8261701860113335
1,20.0,0.25,5,2,True,0.8412681807544834
1,20.0,0.25,10,2,True,0.8282570665860408
1,20.0,0.25,2,5,True,0.8329600996744194
1,20.0,0.25,5,5,True,0.8329600996744194
1,20.0,0.25,10,5,True,0.8329600996744194
1,20.0,0.25,2,10,True,0.7889416567041085
1,20.0,0.25,5,10,True,0.7889416567041085
1,20.0,0.25,10,10,True,0.7889416567041085
1,20.0,0.5,2,1,True,0.8497905242168409
1,20.0,0.5,5,1,True,0.8399448990627005
1,20.0,0.5,10,1,True,0.8402667552238698
1,20.0,0.5,2,2,True,0.836355388000336
1,20.0,0.5,5,2,True,0.8399608284863463
1,20.0,0.5,10,2,True,0.8393253737904244
1,20.0,0.5,2,5,True,0.8305725414176207
1,20.0,0.5,5,5,True,0.8305725414176207
1,20.0,0.5,10,5,True,0.8305725414176207
1,20.0,0.5,2,10,True,0.8140390391389134
1,20.0,0.5,5,10,True,0.8140390391389134
1,20.0,0.5,10,10,True,0.8140390391389134
1,,sqrt,2,1,True,0.7422428360640303
1,,sqrt,5,1,True,0.78152127150046
1,,sqrt,10,1,True,0.7887379376830859
1,,sqrt,2,2,True,0.7886661075586698
1,,sqrt,5,2,True,0.7911745645411818
1,,sqrt,10,2,True,0.7788018292160176
1,,sqrt,2,5,True,0.7521076307921017
1,,sqrt,5,5,True,0.7521076307921017
1,,sqrt,10,5,True,0.7521076307921017
1,,sqrt,2,10,True,0.7133480888198638
1,,sqrt,5,10,True,0.7133480888198638
1,,sqrt,10,10,True,0.7133480888198638
1,,log2,2,1,True,0.6203970424983524
1,,log2,5,1,True,0.6751692398764104
1,,log2,10,1,True,0.6615543219953943
1,,log2,2,2,True,0.6308446644544056
1,,log2,5,2,True,0.6372551251984317
1,,log2,10,2,True,0.63422714815195
1,,log2,2,5,True,0.5946564808088304
1,,log2,5,5,True,0.5946564808088304
1,,log2,10,5,True,0.5946564808088304
1,,log2,2,10,True,0.5314990452250308
1,,log2,5,10,True,0.5314990452250308
1,,log2,10,10,True,0.5314990452250308
1,,0.1,2,1,True,0.8038515728242194
1,,0.1,5,1,True,0.8257135694155157
1,,0.1,10,1,True,0.8256791919245641
1,,0.1,2,2,True,0.8078118075727672
1,,0.1,5,2,True,0.8118711659044889
1,,0.1,10,2,True,0.7997363890282362
1,,0.1,2,5,True,0.8107710522976577
1,,0.1,5,5,True,0.8107710522976577
1,,0.1,10,5,True,0.8107710522976577
1,,0.1,2,10,True,0.7571450317786302
1,,0.1,5,10,True,0.7571450317786302
1,,0.1,10,10,True,0.7571450317786302
1,,0.25,2,1,True,0.8399536478182963
1,,0.25,5,1,True,0.8350984236619803
1,,0.25,10,1,True,0.8394221141126785
1,,0.25,2,2,True,0.8261701860113335
1,,0.25,5,2,True,0.8412681807544834
1,,0.25,10,2,True,0.8282570665860408
1,,0.25,2,5,True,0.8329600996744194
1,,0.25,5,5,True,0.8329600996744194
1,,0.25,10,5,True,0.8329600996744194
1,,0.25,2,10,True,0.7889416567041085
1,,0.25,5,10,True,0.7889416567041085
1,,0.25,10,10,True,0.7889416567041085
1,,0.5,2,1,True,0.8497905242168409
1,,0.5,5,1,True,0.8399448990627005
1,,0.5,10,1,True,0.8402667552238698
1,,0.5,2,2,True,0.836355388000336
1,,0.5,5,2,True,0.8399608284863463
1,,0.5,10,2,True,0.8393253737904244
1,,0.5,2,5,True,0.8305725414176207
1,,0.5,5,5,True,0.8305725414176207
1,,0.5,10,5,True,0.8305725414176207
1,,0.5,2,10,True,0.8140390391389134
1,,0.5,5,10,True,0.8140390391389134
1,,0.5,10,10,True,0.8140390391389134
2,5.0,sqrt,2,1,True,0.51805377558546
2,5.0,sqrt,5,1,True,0.5490726392732367
2,5.0,sqrt,10,1,True,0.5532485397187936
2,5.0,sqrt,2,2,True,0.5139571310738557
2,5.0,sqrt,5,2,True,0.5466164905364748
2,5.0,sqrt,10,2,True,0.5358336249904094
2,5.0,sqrt,2,5,True,0.537733597599169
2,5.0,sqrt,5,5,True,0.537733597599169
2,5.0,sqrt,10,5,True,0.537733597599169
2,5.0,sqrt,2,10,True,0.5320117976022715
2,5.0,sqrt,5,10,True,0.5320117976022715
2,5.0,sqrt,10,10,True,0.5320117976022715
2,5.0,log2,2,1,True,0.342926441466401
2,5.0,log2,5,1,True,0.3291185597329268
2,5.0,log2,10,1,True,0.331318463017897
2,5.0,log2,2,2,True,0.3347372443274465
2,5.0,log2,5,2,True,0.3305569546237263
2,5.0,log2,10,2,True,0.32851827072891693
2,5.0,log2,2,5,True,0.3303123385963759
2,5.0,log2,5,5,True,0.3303123385963759
2,5.0,log2,10,5,True,0.3303123385963759
2,5.0,log2,2,10,True,0.31830248190378063
2,5.0,log2,5,10,True,0.31830248190378063
2,5.0,log2,10,10,True,0.31830248190378063
2,5.0,0.1,2,1,True,0.6282128363223867
2,5.0,0.1,5,1,True,0.6297803100805118
2,5.0,0.1,10,1,True,0.6225944843763731
2,5.0,0.1,2,2,True,0.6373981984923458
2,5.0,0.1,5,2,True,0.6553678255799864
2,5.0,0.1,10,2,True,0.6224092413897584
2,5.0,0.1,2,5,True,0.6201677995110375
2,5.0,0.1,5,5,True,0.6201677995110375
2,5.0,0.1,10,5,True,0.6201677995110375
2,5.0,0.1,2,10,True,0.5968157770209239
2,5.0,0.1,5,10,True,0.5968157770209239
2,5.0,0.1,10,10,True,0.5968157770209239
2,5.0,0.25,2,1,True,0.7576005200736736
2,5.0,0.25,5,1,True,0.7644909901883907
2,5.0,0.25,10,1,True,0.7582579367698503
2,5.0,0.25,2,2,True,0.7532927162517344
2,5.0,0.25,5,2,True,0.766527803580544
2,5.0,0.25,10,2,True,0.752294054328902
2,5.0,0.25,2,5,True,0.7658293443952283
2,5.0,0.25,5,5,True,0.7658293443952283
2,5.0,0.25,10,5,True,0.7658293443952283
2,5.0,0.25,2,10,True,0.7220069078524834
2,5.0,0.25,5,10,True,0.7220069078524834
2,5.0,0.25,10,10,True,0.7220069078524834
2,5.0,0.5,2,1,True,0.7939592957373648
2,5.0,0.5,5,1,True,0.7902288822905403
2,5.0,0.5,10,1,True,0.7861108612062248
2,5.0,0.5,2,2,True,0.7929450293920244
2,5.0,0.5,5,2,True,0.7853870944192565
2,5.0,0.5,10,2,True,0.7857127377551574
2,5.0,0.5,2,5,True,0.7822955027602158
2,5.0,0.5,5,5,True,0.7822955027602158
2,5.0,0.5,10,5,True,0.7822955027602158
2,5.0,0.5,2,10,True,0.7326780480183972
2,5.0,0.5,5,10,True,0.7326780480183972
2,5.0,0.5,10,10,True,0.7326780480183972
2,10.0,sqrt,2,1,True,0.721302452649478
2,10.0,sqrt,5,1,True,0.7299056122785637
2,10.0,sqrt,10,1,True,0.7324292307037589
2,10.0,sqrt,2,2,True,0.7247449016591695
2,10.0,sqrt,5,2,True,0.7307178697461421
2,10.0,sqrt,10,2,True,0.7188230590569622
2,10.0,sqrt,2,5,True,0.700959008727437
2,10.0,sqrt,5,5,True,0.700959008727437
2,10.0,sqrt,10,5,True,0.700959008727437
2,10.0,sqrt,2,10,True,0.6591893278366138
2,10.0,sqrt,5,10,True,0.6591893278366138
2,10.0,sqrt,10,10,True,0.6591893278366138
2,10.0,log2,2,1,True,0.5385329645595561
2,10.0,log2,5,1,True,0.4954695496638397
2,10.0,log2,10,1,True,0.4604195617763649
2,10.0,log2,2,2,True,0.5289989463003669
2,10.0,log2,5,2,True,0.49044378062852345
2,10.0,log2,10,2,True,0.47511499784720934
2,10.0,log2,2,5,True,0.46882735914704704
2,10.0,log2,5,5,True,0.46882735914704704
2,10.0,log2,10,5,True,0.46882735914704704
2,10.0,log2,2,10,True,0.4144570809516737
2,10.0,log2,5,10,True,0.4144570809516737
2,10.0,log2,10,10,True,0.4144570809516737
2,10.0,0.1,2,1,True,0.7689340789022886
2,10.0,0.1,5,1,True,0.794467751784041
2,10.0,0.1,10,1,True,0.7741632388489439
2,10.0,0.1,2,2,True,0.7670849844457444
2,10.0,0.1,5,2,True,0.776013194823262
2,10.0,0.1,10,2,True,0.7750135795878279
2,10.0,0.1,2,5,True,0.7436519105601882
2,10.0,0.1,5,5,True,0.7436519105601882
2,10.0,0.1,10,5,True,0.7436519105601882
2,10.0,0.1,2,10,True,0.7076688474345331
2,10.0,0.1,5,10,True,0.7076688474345331
2,10.0,0.1,10,10,True,0.7076688474345331
2,10.0,0.25,2,1,True,0.8378720576584284
2,10.0,0.25,5,1,True,0.8283019603149716
2,10.0,0.25,10,1,True,0.833353922655227
2,10.0,0.25,2,2,True,0.8131652251140011
2,10.0,0.25,5,2,True,0.8222323035784337
2,10.0,0.25,10,2,True,0.8240885140053203
2,10.0,0.25,2,5,True,0.8106599729091659
2,10.0,0.25,5,5,True,0.8106599729091659
2,10.0,0.25,10,5,True,0.8106599729091659
2,10.0,0.25,2,10,True,0.7491177509709604
2,10.0,0.25,5,10,True,0.7491177509709604
2,10.0,0.25,10,10,True,0.7491177509709604
2,10.0,0.5,2,1,True,0.8314972759840089
2,10.0,0.5,5,1,True,0.8444992168586396
2,10.0,0.5,10,1,True,0.837522405669495
2,10.0,0.5,2,2,True,0.8383536983032842
2,10.0,0.5,5,2,True,0.8367438673124135
2,10.0,0.5,10,2,True,0.8334483738767368
2,10.0,0.5,2,5,True,0.8256182579243191
2,10.0,0.5,5,5,True,0.8256182579243191
2,10.0,0.5,10,5,True,0.8256182579243191
2,10.0,0.5,2,10,True,0.777273192325964
2,10.0,0.5,5,10,True,0.777273192325964
2,10.0,0.5,10,10,True,0.777273192325964
2,20.0,sqrt,2,1,True,0.732222753428053
2,20.0,sqrt,5,1,True,0.7785334702039679
2,20.0,sqrt,10,1,True,0.7430279910303219
2,20.0,sqrt,2,2,True,0.7616786294230811
2,20.0,sqrt,5,2,True,0.747279452332248
2,20.0,sqrt,10,2,True,0.7416547372118056
2,20.0,sqrt,2,5,True,0.7094146149642417
2,20.0,sqrt,5,5,True,0.7094146149642417
2,20.0,sqrt,10,5,True,0.7094146149642417
2,20.0,sqrt,2,10,True,0.690019669443336
2,20.0,sqrt,5,10,True,0.690019669443336
2,20.0,sqrt,10,10,True,0.690019669443336
2,20.0,log2,2,1,True,0.6066349021417379
2,20.0,log2,5,1,True,0.580843330624299
2,20.0,log2,10,1,True,0.5608118283817456
2,20.0,log2,2,2,True,0.6083703991474446
2,20.0,log2,5,2,True,0.5725039202902867
2,20.0,log2,10,2,True,0.5567689072693727
2,20.0,log2,2,5,True,0.4958321296418374
2,20.0,log2,5,5,True,0.4958321296418374
2,20.0,log2,10,5,True,0.4958321296418374
2,20.0,log2,2,10,True,0.43399633128277093
2,20.0,log2,5,10,True,0.43399633128277093
2,20.0,log2,10,10,True,0.43399633128277093
2,20.0,0.1,2,1,True,0.7867703848014594
2,20.0,0.1,5,1,True,0.78626368339196
2,20.0,0.1,10,1,True,0.8074982556996246
2,20.0,0.1,2,2,True,0.7791199486016194
2,20.0,0.1,5,2,True,0.7889338256437899
2,20.0,0.1,10,2,True,0.7935429020037235
2,20.0,0.1,2,5,True,0.7618086966619249
2,20.0,0.1,5,5,True,0.7618086966619249
2,20.0,0.1,10,5,True,0.7618086966619249
2,20.0,0.1,2,10,True,0.7131494398893781
2,20.0,0.1,5,10,True,0.7131494398893781
2,20.0,0.1,10,10,True,0.7131494398893781
2,20.0,0.25,2,1,True,0.8360323651151356
2,20.0,0.25,5,1,True,0.8209898591775666
2,20.0,0.25,10,1,True,0.8338361498442165
2,20.0,0.25,2,2,True,0.8084507406328785
2,20.0,0.25,5,2,True,0.8147007635058967
2,20.0,0.25,10,2,True,0.8429410224480968
2,20.0,0.25,2,5,True,0.8087676595731839
2,20.0,0.25,5,5,True,0.8087676595731839
2,20.0,0.25,10,5,True,0.8087676595731839
2,20.0,0.25,2,10,True,0.7512574904883417
2,20.0,0.25,5,10,True,0.7512574904883417
2,20.0,0.25,10,10,True,0.7512574904883417
2,20.0,0.5,2,1,True,0.8343755713147101
2,20.0,0.5,5,1,True,0.8434393355199706
2,20.0,0.5,10,1,True,0.8407372065322795
2,20.0,0.5,2,2,True,0.846340178166362
2,20.0,0.5,5,2,True,0.8386676480149408
2,20.0,0.5,10,2,True,0.840140167249982
2,20.0,0.5,2,5,True,0.8235831593573867
2,20.0,0.5,5,5,True,0.8235831593573867
2,20.0,0.5,10,5,True,0.8235831593573867
2,20.0,0.5,2,10,True,0.7772200753748879
2,20.0,0.5,5,10,True,0.7772200753748879
2,20.0,0.5,10,10,True,0.7772200753748879
2,,sqrt,2,1,True,0.7320075290219838
2,,sqrt,5,1,True,0.7731649515959292
2,,sqrt,10,1,True,0.73786655139253
2,,sqrt,2,2,True,0.7566452801333432
2,,sqrt,5,2,True,0.7483669030895754
2,,sqrt,10,2,True,0.7364088850615774
2,,sqrt,2,5,True,0.7099952310442832
2,,sqrt,5,5,True,0.7099952310442832
2,,sqrt,10,5,True,0.7099952310442832
2,,sqrt,2,10,True,0.690019669443336
2,,sqrt,5,10,True,0.690019669443336
2,,sqrt,10,10,True,0.690019669443336
2,,log2,2,1,True,0.5985166487303994
2,,log2,5,1,True,0.5858356304104892
2,,log2,10,1,True,0.5583435466334112
2,,log2,2,2,True,0.6092497435889404
2,,log2,5,2,True,0.5763442677571634
2,,log2,10,2,True,0.5602968388281793
2,,log2,2,5,True,0.5012381496082942
2,,log2,5,5,True,0.5012381496082942
2,,log2,10,5,True,0.5012381496082942
2,,log2,2,10,True,0.43399633128277093
2,,log2,5,10,True,0.43399633128277093
2,,log2,10,10,True,0.43399633128277093
2,,0.1,2,1,True,0.7952841101691658
2,,0.1,5,1,True,0.7948773681332354
2,,0.1,10,1,True,0.8079949634346635
2,,0.1,2,2,True,0.7681243624699852
2,,0.1,5,2,True,0.7884000374749075
2,,0.1,10,2,True,0.7941222292008367
2,,0.1,2,5,True,0.7629736393363015
2,,0.1,5,5,True,0.7629736393363015
2,,0.1,10,5,True,0.7629736393363015
2,,0.1,2,10,True,0.7131494398893781
2,,0.1,5,10,True,0.7131494398893781
2,,0.1,10,10,True,0.7131494398893781
2,,0.25,2,1,True,0.8366888155829069
2,,0.25,5,1,True,0.8209898591775666
2,,0.25,10,1,True,0.8338361498442165
2,,0.25,2,2,True,0.8084507406328785
2,,0.25,5,2,True,0.8147007635058967
2,,0.25,10,2,True,0.8429410224480968
2,,0.25,2,5,True,0.8087676595731839
2,,0.25,5,5,True,0.8087676595731839
2,,0.25,10,5,True,0.8087676595731839
2,,0.25,2,10,True,0.7512574904883417
2,,0.25,5,10,True,0.7512574904883417
2,,0.25,10,10,True,0.7512574904883417
2,,0.5,2,1,True,0.8343755713147101
2,,0.5,5,1,True,0.8434393355199706
2,,0.5,10,1,True,0.8407372065322795
2,,0.5,2,2,True,0.846340178166362
2,,0.5,5,2,True,0.8386676480149408
2,,0.5,10,2,True,0.840140167249982
2,,0.5,2,5,True,0.8235831593573867
2,,0.5,5,5,True,0.8235831593573867
2,,0.5,10,5,True,0.8235831593573867
2,,0.5,2,10,True,0.7772200753748879
2,,0.5,5,10,True,0.7772200753748879
2,,0.5,10,10,True,0.7772200753748879
3,5.0,sqrt,2,1,True,0.5922616191932757
3,5.0,sqrt,5,1,True,0.598261667656937
3,5.0,sqrt,10,1,True,0.5821144810598059
3,5.0,sqrt,2,2,True,0.5909060088959
3,5.0,sqrt,5,2,True,0.594577483832379
3,5.0,sqrt,10,2,True,0.6060827082829319
3,5.0,sqrt,2,5,True,0.6045198290562428
3,5.0,sqrt,5,5,True,0.6045198290562428
3,5.0,sqrt,10,5,True,0.6045198290562428
3,5.0,sqrt,2,10,True,0.593016183336329
3,5.0,sqrt,5,10,True,0.593016183336329
3,5.0,sqrt,10,10,True,0.593016183336329
3,5.0,log2,2,1,True,0.3394013011981067
3,5.0,log2,5,1,True,0.36356327069738315
3,5.0,log2,10,1,True,0.33464216931289725
3,5.0,log2,2,2,True,0.3506934215829687
3,5.0,log2,5,2,True,0.3450926717667377
3,5.0,log2,10,2,True,0.3367271025206016
3,5.0,log2,2,5,True,0.3504191622731431
3,5.0,log2,5,5,True,0.3504191622731431
3,5.0,log2,10,5,True,0.3504191622731431
3,5.0,log2,2,10,True,0.3505732161333464
3,5.0,log2,5,10,True,0.3505732161333464
3,5.0,log2,10,10,True,0.3505732161333464
3,5.0,0.1,2,1,True,0.6794639646978883
3,5.0,0.1,5,1,True,0.6738999719829866
3,5.0,0.1,10,1,True,0.6728909897456038
3,5.0,0.1,2,2,True,0.6818681488699736
3,5.0,0.1,5,2,True,0.6777180623846573
3,5.0,0.1,10,2,True,0.6844118344086085
3,5.0,0.1,2,5,True,0.6673164893339799
3,5.0,0.1,5,5,True,0.6673164893339799
3,5.0,0.1,10,5,True,0.6673164893339799
3,5.0,0.1,2,10,True,0.649547028650731
3,5.0,0.1,5,10,True,0.649547028650731
3,5.0,0.1,10,10,True,0.649547028650731
3,5.0,0.25,2,1,True,0.7776809741957449
3,5.0,0.25,5,1,True,0.7786588239615249
3,5.0,0.25,10,1,True,0.7732340495596592
3,5.0,0.25,2,2,True,0.7746398587167631
3,5.0,0.25,5,2,True,0.7749703898622498
3,5.0,0.25,10,2,True,0.7819861844707997
3,5.0,0.25,2,5,True,0.7847453298139239
3,5.0,0.25,5,5,True,0.7847453298139239
3,5.0,0.25,10,5,True,0.7847453298139239
3,5.0,0.25,2,10,True,0.7651703843625915
3,5.0,0.25,5,10,True,0.7651703843625915
3,5.0,0.25,10,10,True,0.7651703843625915
3,5.0,0.5,2,1,True,0.8243151552428609
3,5.0,0.5,5,1,True,0.8196704370874837
3,5.0,0.5,10,1,True,0.815344393444588
3,5.0,0.5,2,2,True,0.811467104560594
3,5.0,0.5,5,2,True,0.8157666071601334
3,5.0,0.5,10,2,True,0.8176001846038525
3,5.0,0.5,2,5,True,0.8125073777373684
3,5.0,0.5,5,5,True,0.8125073777373684
3,5.0,0.5,10,5,True,0.8125073777373684
3,5.0,0.5,2,10,True,0.786459022583188
3,5.0,0.5,5,10,True,0.786459022583188
3,5.0,0.5,10,10,True,0.786459022583188
3,10.0,sqrt,2,1,True,0.745983879376612
3,10.0,sqrt,5,1,True,0.7696123852632735
3,10.0,sqrt,10,1,True,0.778096596182158
3,10.0,sqrt,2,2,True,0.7798978911503684
3,10.0,sqrt,5,2,True,0.7773448513403609
3,10.0,sqrt,10,2,True,0.7473285923276749
3,10.0,sqrt,2,5,True,0.7585118243871609
3,10.0,sqrt,5,5,True,0.7585118243871609
3,10.0,sqrt,10,5,True,0.7585118243871609
3,10.0,sqrt,2,10,True,0.7180970609685599
3,10.0,sqrt,5,10,True,0.7180970609685599
3,10.0,sqrt,10,10,True,0.7180970609685599
3,10.0,log2,2,1,True,0.600449629267932
3,10.0,log2,5,1,True,0.5962796625951878
3,10.0,log2,10,1,True,0.5874975641746487
3,10.0,log2,2,2,True,0.6076150996797317
3,10.0,log2,5,2,True,0.5721538310929759
3,10.0,log2,10,2,True,0.5451169084251989
3,10.0,log2,2,5,True,0.5307921587849722
3,10.0,log2,5,5,True,0.5307921587849722
3,10.0,log2,10,5,True,0.5307921587849722
3,10.0,log2,2,10,True,0.47978738446354036
3,10.0,log2,5,10,True,0.47978738446354036
3,10.0,log2,10,10,True,0.47978738446354036
3,10.0,0.1,2,1,True,0.8249841045542254
3,10.0,0.1,5,1,True,0.8193559946106044
3,10.0,0.1,10,1,True,0.7959363610796047
3,10.0,0.1,2,2,True,0.8012039424366298
3,10.0,0.1,5,2,True,0.8201736273979853
3,10.0,0.1,10,2,True,0.7835628115843825
3,10.0,0.1,2,5,True,0.7869370173753195
3,10.0,0.1,5,5,True,0.7869370173753195
3,10.0,0.1,10,5,True,0.7869370173753195
3,10.0,0.1,2,10,True,0.7479100261983884
3,10.0,0.1,5,10,True,0.7479100261983884
3,10.0,0.1,10,10,True,0.7479100261983884
3,10.0,0.25,2,1,True,0.8448477686853147
3,10.0,0.25,5,1,True,0.8523411544301485
3,10.0,0.25,10,1,True,0.8500250061017557
3,10.0,0.25,2,2,True,0.8495177931938835
3,10.0,0.25,5,2,True,0.858115610176713
3,10.0,0.25,10,2,True,0.8481636883412605
3,10.0,0.25,2,5,True,0.815631202450731
3,10.0,0.25,5,5,True,0.815631202450731
3,10.0,0.25,10,5,True,0.815631202450731
3,10.0,0.25,2,10,True,0.785320920581548
3,10.0,0.25,5,10,True,0.785320920581548
3,10.0,0.25,10,10,True,0.785320920581548
3,10.0,0.5,2,1,True,0.843378251188826
3,10.0,0.5,5,1,True,0.8475382350227827
3,10.0,0.5,10,1,True,0.8486444169498852
3,10.0,0.5,2,2,True,0.8422807816440399
3,10.0,0.5,5,2,True,0.8396539209479681
3,10.0,0.5,10,2,True,0.8435368140663781
3,10.0,0.5,2,5,True,0.8416971169971198
3,10.0,0.5,5,5,True,0.8416971169971198
3,10.0,0.5,10,5,True,0.8416971169971198
3,10.0,0.5,2,10,True,0.7969108380192035
3,10.0,0.5,5,10,True,0.7969108380192035
3,10.0,0.5,10,10,True,0.7969108380192035
3,20.0,sqrt,2,1,True,0.7679244855547265
3,20.0,sqrt,5,1,True,0.7860899895806405
3,20.0,sqrt,10,1,True,0.798022260827209
3,20.0,sqrt,2,2,True,0.7934123576968242
3,20.0,sqrt,5,2,True,0.7649479674024581
3,20.0,sqrt,10,2,True,0.7886318204289108
3,20.0,sqrt,2,5,True,0.7839438537070808
3,20.0,sqrt,5,5,True,0.7839438537070808
3,20.0,sqrt,10,5,True,0.7839438537070808
3,20.0,sqrt,2,10,True,0.7100594497493155
3,20.0,sqrt,5,10,True,0.7100594497493155
3,20.0,sqrt,10,10,True,0.7100594497493155
3,20.0,log2,2,1,True,0.6595194654951394
3,20.0,log2,5,1,True,0.6773474497315828
3,20.0,log2,10,1,True,0.6262820038793047
3,20.0,log2,2,2,True,0.6632617610983571
3,20.0,log2,5,2,True,0.6795149156384588
3,20.0,log2,10,2,True,0.6363551444856059
3,20.0,log2,2,5,True,0.5726739061454411
3,20.0,log2,5,5,True,0.5726739061454411
3,20.0,log2,10,5,True,0.5726739061454411
3,20.0,log2,2,10,True,0.49873649929833375
3,20.0,log2,5,10,True,0.49873649929833375
3,20.0,log2,10,10,True,0.49873649929833375
3,20.0,0.1,2,1,True,0.8174767642961033
3,20.0,0.1,5,1,True,0.8358908832095565
3,20.0,0.1,10,1,True,0.8101122533309834
3,20.0,0.1,2,2,True,0.8307471857165101
3,20.0,0.1,5,2,True,0.8249066223200581
3,20.0,0.1,10,2,True,0.8123560339660207
3,20.0,0.1,2,5,True,0.7982713094214138
3,20.0,0.1,5,5,True,0.7982713094214138
3,20.0,0.1,10,5,True,0.7982713094214138
3,20.0,0.1,2,10,True,0.7566073961067195
3,20.0,0.1,5,10,True,0.7566073961067195
3,20.0,0.1,10,10,True,0.7566073961067195
3,20.0,0.25,2,1,True,0.8530021792525464
3,20.0,0.25,5,1,True,0.8466387534287344
3,20.0,0.25,10,1,True,0.8387829254943437
3,20.0,0.25,2,2,True,0.8516188743783282
3,20.0,0.25,5,2,True,0.8504775580640402
3,20.0,0.25,10,2,True,0.8608195569613774
3,20.0,0.25,2,5,True,0.8189561631303685
3,20.0,0.25,5,5,True,0.8189561631303685
3,20.0,0.25,10,5,True,0.8189561631303685
3,20.0,0.25,2,10,True,0.7856114464294865
3,20.0,0.25,5,10,True,0.7856114464294865
3,20.0,0.25,10,10,True,0.7856114464294865
3,20.0,0.5,2,1,True,0.8458499994258053
3,20.0,0.5,5,1,True,0.8389336494782395
3,20.0,0.5,10,1,True,0.8556479825570943
3,20.0,0.5,2,2,True,0.8359198501574923
3,20.0,0.5,5,2,True,0.8370535063791806
3,20.0,0.5,10,2,True,0.8470092454441478
3,20.0,0.5,2,5,True,0.843517953825623
3,20.0,0.5,5,5,True,0.843517953825623
3,20.0,0.5,10,5,True,0.843517953825623
3,20.0,0.5,2,10,True,0.7962612080647838
3,20.0,0.5,5,10,True,0.7962612080647838
3,20.0,0.5,10,10,True,0.7962612080647838
3,,sqrt,2,1,True,0.7575141442379124
3,,sqrt,5,1,True,0.7913615827555558
3,,sqrt,10,1,True,0.808546431704509
3,,sqrt,2,2,True,0.78620379953036
3,,sqrt,5,2,True,0.7578167354895446
3,,sqrt,10,2,True,0.7958983040850759
3,,sqrt,2,5,True,0.7856676757639234
3,,sqrt,5,5,True,0.7856676757639234
3,,sqrt,10,5,True,0.7856676757639234
3,,sqrt,2,10,True,0.7100594497493155
3,,sqrt,5,10,True,0.7100594497493155
3,,sqrt,10,10,True,0.7100594497493155
3,,log2,2,1,True,0.6567859310847466
3,,log2,5,1,True,0.6696796631900954
3,,log2,10,1,True,0.6421740350003723
3,,log2,2,2,True,0.6567861353735485
3,,log2,5,2,True,0.6839255687527818
3,,log2,10,2,True,0.6241396093324727
3,,log2,2,5,True,0.5825819730179913
3,,log2,5,5,True,0.5825819730179913
3,,log2,10,5,True,0.5825819730179913
3,,log2,2,10,True,0.49873649929833375
3,,log2,5,10,True,0.49873649929833375
3,,log2,10,10,True,0.49873649929833375
3,,0.1,2,1,True,0.8211449195080351
3,,0.1,5,1,True,0.8347372167810573
3,,0.1,10,1,True,0.8100813552072701
3,,0.1,2,2,True,0.8319553351243713
3,,0.1,5,2,True,0.8232065624222592
3,,0.1,10,2,True,0.8149464148801695
3,,0.1,2,5,True,0.7982713094214138
3,,0.1,5,5,True,0.7982713094214138
3,,0.1,10,5,True,0.7982713094214138
3,,0.1,2,10,True,0.7566073961067195
3,,0.1,5,10,True,0.7566073961067195
3,,0.1,10,10,True,0.7566073961067195
3,,0.25,2,1,True,0.8530021792525464
3,,0.25,5,1,True,0.8466387534287344
3,,0.25,10,1,True,0.8387829254943437
3,,0.25,2,2,True,0.8516188743783282
3,,0.25,5,2,True,0.8504775580640402
3,,0.25,10,2,True,0.8608195569613774
3,,0.25,2,5,True,0.8189561631303685
3,,0.25,5,5,True,0.8189561631303685
3,,0.25,10,5,True,0.8189561631303685
3,,0.25,2,10,True,0.7856114464294865
3,,0.25,5,10,True,0.7856114464294865
3,,0.25,10,10,True,0.7856114464294865
3,,0.5,2,1,True,0.8458499994258053
3,,0.5,5,1,True,0.8389336494782395
3,,0.5,10,1,True,0.8556479825570943
3,,0.5,2,2,True,0.8359198501574923
3,,0.5,5,2,True,0.8370535063791806
3,,0.5,10,2,True,0.8470092454441478
3,,0.5,2,5,True,0.843517953825623
3,,0.5,5,5,True,0.843517953825623
3,,0.5,10,5,True,0.843517953825623
3,,0.5,2,10,True,0.7962612080647838
3,,0.5,5,10,True,0.7962612080647838
3,,0.5,10,10,True,0.7962612080647838
4,5.0,sqrt,2,1,True,0.6185704941553627
4,5.0,sqrt,5,1,True,0.5959717275524182
4,5.0,sqrt,10,1,True,0.6029354716133166
4,5.0,sqrt,2,2,True,0.6092486130852174
4,5.0,sqrt,5,2,True,0.5960145530974652
4,5.0,sqrt,10,2,True,0.5987135147253909
4,5.0,sqrt,2,5,True,0.6044689201990088
4,5.0,sqrt,5,5,True,0.6044689201990088
4,5.0,sqrt,10,5,True,0.6044689201990088
4,5.0,sqrt,2,10,True,0.5655915450058682
4,5.0,sqrt,5,10,True,0.5655915450058682
4,5.0,sqrt,10,10,True,0.5655915450058682
4,5.0,log2,2,1,True,0.4706850307571595
4,5.0,log2,5,1,True,0.48843811603392834
4,5.0,log2,10,1,True,0.46982308353763214
4,5.0,log2,2,2,True,0.46684569292834616
4,5.0,log2,5,2,True,0.4769864322398158
4,5.0,log2,10,2,True,0.4523530159001994
4,5.0,log2,2,5,True,0.4431792868643118
4,5.0,log2,5,5,True,0.4431792868643118
4,5.0,log2,10,5,True,0.4431792868643118
4,5.0,log2,2,10,True,0.40373270531179656
4,5.0,log2,5,10,True,0.40373270531179656
4,5.0,log2,10,10,True,0.40373270531179656
4,5.0,0.1,2,1,True,0.7026103835052171
4,5.0,0.1,5,1,True,0.6964820874258464
4,5.0,0.1,10,1,True,0.717337519179195
4,5.0,0.1,2,2,True,0.6919837915331659
4,5.0,0.1,5,2,True,0.702141593505425
4,5.0,0.1,10,2,True,0.7133073143600048
4,5.0,0.1,2,5,True,0.6937744134253767
4,5.0,0.1,5,5,True,0.6937744134253767
4,5.0,0.1,10,5,True,0.6937744134253767
4,5.0,0.1,2,10,True,0.6647402165875376
4,5.0,0.1,5,10,True,0.6647402165875376
4,5.0,0.1,10,10,True,0.6647402165875376
4,5.0,0.25,2,1,True,0.805503550834473
4,5.0,0.25,5,1,True,0.8124358346473253
4,5.0,0.25,10,1,True,0.8074376426012304
4,5.0,0.25,2,2,True,0.804771369196219
4,5.0,0.25,5,2,True,0.8104673463292904
4,5.0,0.25,10,2,True,0.8095360024565963
4,5.0,0.25,2,5,True,0.7987231248623166
4,5.0,0.25,5,5,True,0.7987231248623166
4,5.0,0.25,10,5,True,0.7987231248623166
4,5.0,0.25,2,10,True,0.7532746530576111
4,5.0,0.25,5,10,True,0.7532746530576111
4,5.0,0.25,10,10,True,0.7532746530576111
4,5.0,0.5,2,1,True,0.8296617323008345
4,5.0,0.5,5,1,True,0.8264933870630979
4,5.0,0.5,10,1,True,0.8310123240273253
4,5.0,0.5,2,2,True,0.8290541967832527
4,5.0,0.5,5,2,True,0.827254793334164
4,5.0,0.5,10,2,True,0.8290316981060639
4,5.0,0.5,2,5,True,0.827313003996762
4,5.0,0.5,5,5,True,0.827313003996762
4,5.0,0.5,10,5,True,0.827313003996762
4,5.0,0.5,2,10,True,0.7996381646840807
4,5.0,0.5,5,10,True,0.7996381646840807
4,5.0,0.5,10,10,True,0.7996381646840807
4,10.0,sqrt,2,1,True,0.7533565124221078
4,10.0,sqrt,5,1,True,0.752882787054436
4,10.0,sqrt,10,1,True,0.753949158539138
4,10.0,sqrt,2,2,True,0.7691186252114155
4,10.0,sqrt,5,2,True,0.7633631626324469
4,10.0,sqrt,10,2,True,0.7561161553493487
4,10.0,sqrt,2,5,True,0.7451091788579985
4,10.0,sqrt,5,5,True,0.7451091788579985
4,10.0,sqrt,10,5,True,0.7451091788579985
4,10.0,sqrt,2,10,True,0.6887153021894308
4,10.0,sqrt,5,10,True,0.6887153021894308
4,10.0,sqrt,10,10,True,0.6887153021894308
4,10.0,log2,2,1,True,0.6473320100412323
4,10.0,log2,5,1,True,0.651125528515523
4,10.0,log2,10,1,True,0.6402155413375452
4,10.0,log2,2,2,True,0.6605158991191145
4,10.0,log2,5,2,True,0.6630314086045314
4,10.0,log2,10,2,True,0.6587922414449876
4,10.0,log2,2,5,True,0.6182503685663718
4,10.0,log2,5,5,True,0.6182503685663718
4,10.0,log2,10,5,True,0.6182503685663718
4,10.0,log2,2,10,True,0.5581782408166363
4,10.0,log2,5,10,True,0.5581782408166363
4,10.0,log2,10,10,True,0.5581782408166363
4,10.0,0.1,2,1,True,0.8186698538315043
4,10.0,0.1,5,1,True,0.8166079993932879
4,10.0,0.1,10,1,True,0.8009840498247922
4,10.0,0.1,2,2,True,0.8084024180730397
4,10.0,0.1,5,2,True,0.8149628790659913
4,10.0,0.1,10,2,True,0.8069204844384992
4,10.0,0.1,2,5,True,0.7816438387367055
4,10.0,0.1,5,5,True,0.7816438387367055
4,10.0,0.1,10,5,True,0.7816438387367055
4,10.0,0.1,2,10,True,0.7478759578578776
4,10.0,0.1,5,10,True,0.7478759578578776
4,10.0,0.1,10,10,True,0.7478759578578776
4,10.0,0.25,2,1,True,0.8396897851458199
4,10.0,0.25,5,1,True,0.8466578321570595
4,10.0,0.25,10,1,True,0.8501872042503015
4,10.0,0.25,2,2,True,0.841671771490967
4,10.0,0.25,5,2,True,0.847921704642433
4,10.0,0.25,10,2,True,0.836654581184636
4,10.0,0.25,2,5,True,0.8168513269200149
4,10.0,0.25,5,5,True,0.8168513269200149
4,10.0,0.25,10,5,True,0.8168513269200149
4,10.0,0.25,2,10,True,0.7740025505869961
4,10.0,0.25,5,10,True,0.7740025505869961
4,10.0,0.25,10,10,True,0.7740025505869961
4,10.0,0.5,2,1,True,0.8502037604212314
4,10.0,0.5,5,1,True,0.847678834562149
4,10.0,0.5,10,1,True,0.8503254461727
4,10.0,0.5,2,2,True,0.8428273043782891
4,10.0,0.5,5,2,True,0.8461484054615243
4,10.0,0.5,10,2,True,0.8508616618629044
4,10.0,0.5,2,5,True,0.8447978397081369
4,10.0,0.5,5,5,True,0.8447978397081369
4,10.0,0.5,10,5,True,0.8447978397081369
4,10.0,0.5,2,10,True,0.8167677298426785
4,10.0,0.5,5,10,True,0.8167677298426785
4,10.0,0.5,10,10,True,0.8167677298426785
4,20.0,sqrt,2,1,True,0.7852715674167308
4,20.0,sqrt,5,1,True,0.771709656154242
4,20.0,sqrt,10,1,True,0.7845277601416484
4,20.0,sqrt,2,2,True,0.7984531559351363
4,20.0,sqrt,5,2,True,0.798247337575745
4,20.0,sqrt,10,2,True,0.7663409252600145
4,20.0,sqrt,2,5,True,0.7651971786196706
4,20.0,sqrt,5,5,True,0.7651971786196706
4,20.0,sqrt,10,5,True,0.7651971786196706
4,20.0,sqrt,2,10,True,0.6955015996405155
4,20.0,sqrt,5,10,True,0.6955015996405155
4,20.0,sqrt,10,10,True,0.6955015996405155
4,20.0,log2,2,1,True,0.6925815640559331
4,20.0,log2,5,1,True,0.7132335561689439
4,20.0,log2,10,1,True,0.7374528857938181
4,20.0,log2,2,2,True,0.6968133198383456
4,20.0,log2,5,2,True,0.6879425410555481
4,20.0,log2,10,2,True,0.7105438384649265
4,20.0,log2,2,5,True,0.6477836630954321
4,20.0,log2,5,5,True,0.6477836630954321
4,20.0,log2,10,5,True,0.6477836630954321
4,20.0,log2,2,10,True,0.5779708503906572
4,20.0,log2,5,10,True,0.5779708503906572
4,20.0,log2,10,10,True,0.5779708503906572
4,20.0,0.1,2,1,True,0.8251378102429717
4,20.0,0.1,5,1,True,0.8234460715971978
4,20.0,0.1,10,1,True,0.8144352990241861
4,20.0,0.1,2,2,True,0.8071894797586591
4,20.0,0.1,5,2,True,0.8343477345020721
4,20.0,0.1,10,2,True,0.8205657191028065
4,20.0,0.1,2,5,True,0.7972597214563775
4,20.0,0.1,5,5,True,0.7972597214563775
4,20.0,0.1,10,5,True,0.7972597214563775
4,20.0,0.1,2,10,True,0.7473960899587417
4,20.0,0.1,5,10,True,0.7473960899587417
4,20.0,0.1,10,10,True,0.7473960899587417
4,20.0,0.25,2,1,True,0.8263207810401246
4,20.0,0.25,5,1,True,0.8533575602527004
4,20.0,0.25,10,1,True,0.8515598744212827
4,20.0,0.25,2,2,True,0.8453828877486368
4,20.0,0.25,5,2,True,0.8505168731086663
4,20.0,0.25,10,2,True,0.8443123425441141
4,20.0,0.25,2,5,True,0.8286103858389492
4,20.0,0.25,5,5,True,0.8286103858389492
4,20.0,0.25,10,5,True,0.8286103858389492
4,20.0,0.25,2,10,True,0.775260978538492
4,20.0,0.25,5,10,True,0.775260978538492
4,20.0,0.25,10,10,True,0.775260978538492
4,20.0,0.5,2,1,True,0.8527314645338624
4,20.0,0.5,5,1,True,0.8500598753930143
4,20.0,0.5,10,1,True,0.8519906744728125
4,20.0,0.5,2,2,True,0.8440958994041493
4,20.0,0.5,5,2,True,0.8502583898598962
4,20.0,0.5,10,2,True,0.8549664058745698
4,20.0,0.5,2,5,True,0.8410020900675474
4,20.0,0.5,5,5,True,0.8410020900675474
4,20.0,0.5,10,5,True,0.8410020900675474
4,20.0,0.5,2,10,True,0.8167677298426785
4,20.0,0.5,5,10,True,0.8167677298426785
4,20.0,0.5,10,10,True,0.8167677298426785
4,,sqrt,2,1,True,0.7765708035249721
4,,sqrt,5,1,True,0.7717396490933002
4,,sqrt,10,1,True,0.7847448574359802
4,,sqrt,2,2,True,0.8004961257330511
4,,sqrt,5,2,True,0.7918627840138838
4,,sqrt,10,2,True,0.770516637934215
4,,sqrt,2,5,True,0.7662711285268159
4,,sqrt,5,5,True,0.7662711285268159
4,,sqrt,10,5,True,0.7662711285268159
4,,sqrt,2,10,True,0.6955015996405155
4,,sqrt,5,10,True,0.6955015996405155
4,,sqrt,10,10,True,0.6955015996405155
4,,log2,2,1,True,0.6730107316573863
4,,log2,5,1,True,0.7112330295142508
4,,log2,10,1,True,0.7354861717109833
4,,log2,2,2,True,0.7206072609908496
4,,log2,5,2,True,0.6910753939739582
4,,log2,10,2,True,0.7153153674265277
4,,log2,2,5,True,0.6515467714133413
4,,log2,5,5,True,0.6515467714133413
4,,log2,10,5,True,0.6515467714133413
4,,log2,2,10,True,0.5779708503906572
4,,log2,5,10,True,0.5779708503906572
4,,log2,10,10,True,0.5779708503906572
4,,0.1,2,1,True,0.8186370486273364
4,,0.1,5,1,True,0.8237016954346303
4,,0.1,10,1,True,0.8126439607197808
4,,0.1,2,2,True,0.8185606100432562
4,,0.1,5,2,True,0.8352868962258444
4,,0.1,10,2,True,0.818357197812065
4,,0.1,2,5,True,0.7972597214563775
4,,0.1,5,5,True,0.7972597214563775
4,,0.1,10,5,True,0.7972597214563775
4,,0.1,2,10,True,0.747970019971252
4,,0.1,5,10,True,0.747970019971252
4,,0.1,10,10,True,0.747970019971252
4,,0.25,2,1,True,0.8263207810401246
4,,0.25,5,1,True,0.8533575602527004
4,,0.25,10,1,True,0.8515598744212827
4,,0.25,2,2,True,0.8453828877486368
4,,0.25,5,2,True,0.8505168731086663
4,,0.25,10,2,True,0.8443123425441141
4,,0.25,2,5,True,0.8286103858389492
4,,0.25,5,5,True,0.8286103858389492
4,,0.25,10,5,True,0.8286103858389492
4,,0.25,2,10,True,0.775260978538492
4,,0.25,5,10,True,0.775260978538492
4,,0.25,10,10,True,0.775260978538492
4,,0.5,2,1,True,0.8527314645338624
4,,0.5,5,1,True,0.8500598753930143
4,,0.5,10,1,True,0.8519906744728125
4,,0.5,2,2,True,0.8440958994041493
4,,0.5,5,2,True,0.8502583898598962
4,,0.5,10,2,True,0.8549664058745698
4,,0.5,2,5,True,0.8410020900675474
4,,0.5,5,5,True,0.8410020900675474
4,,0.5,10,5,True,0.8410020900675474
4,,0.5,2,10,True,0.8167677298426785
4,,0.5,5,10,True,0.8167677298426785
4,,0.5,10,10,True,0.8167677298426785
5,5.0,sqrt,2,1,True,0.592111264282358
5,5.0,sqrt,5,1,True,0.5911122107975301
5,5.0,sqrt,10,1,True,0.5936665897962586
5,5.0,sqrt,2,2,True,0.5837180328894818
5,5.0,sqrt,5,2,True,0.5847036932833868
5,5.0,sqrt,10,2,True,0.5956906617228872
5,5.0,sqrt,2,5,True,0.582970539413928
5,5.0,sqrt,5,5,True,0.582970539413928
5,5.0,sqrt,10,5,True,0.582970539413928
5,5.0,sqrt,2,10,True,0.5867280396426795
5,5.0,sqrt,5,10,True,0.5867280396426795
5,5.0,sqrt,10,10,True,0.5867280396426795
5,5.0,log2,2,1,True,0.38669199372950624
5,5.0,log2,5,1,True,0.3824588248812322
5,5.0,log2,10,1,True,0.3697799416316985
5,5.0,log2,2,2,True,0.3891302040900288
5,5.0,log2,5,2,True,0.3934404831401257
5,5.0,log2,10,2,True,0.3688016503640526
5,5.0,log2,2,5,True,0.37496800817962844
5,5.0,log2,5,5,True,0.37496800817962844
5,5.0,log2,10,5,True,0.37496800817962844
5,5.0,log2,2,10,True,0.33894655594007955
5,5.0,log2,5,10,True,0.33894655594007955
5,5.0,log2,10,10,True,0.33894655594007955
5,5.0,0.1,2,1,True,0.6532936121551728
5,5.0,0.1,5,1,True,0.6654781606078475
5,5.0,0.1,10,1,True,0.635102545640692
5,5.0,0.1,2,2,True,0.6570844532883277
5,5.0,0.1,5,2,True,0.6491838313680615
5,5.0,0.1,10,2,True,0.6381461108470965
5,5.0,0.1,2,5,True,0.6421012022836541
5,5.0,0.1,5,5,True,0.6421012022836541
5,5.0,0.1,10,5,True,0.6421012022836541
5,5.0,0.1,2,10,True,0.6148626021875917
5,5.0,0.1,5,10,True,0.6148626021875917
5,5.0,0.1,10,10,True,0.6148626021875917
5,5.0,0.25,2,1,True,0.7730891590072735
5,5.0,0.25,5,1,True,0.7565201177819613
5,5.0,0.25,10,1,True,0.7644668541238532
5,5.0,0.25,2,2,True,0.75864565691303
5,5.0,0.25,5,2,True,0.7670673371587766
5,5.0,0.25,10,2,True,0.77159969959099
5,5.0,0.25,2,5,True,0.7545644306520286
5,5.0,0.25,5,5,True,0.7545644306520286
5,5.0,0.25,10,5,True,0.7545644306520286
5,5.0,0.25,2,10,True,0.7568585429677844
5,5.0,0.25,5,10,True,0.7568585429677844
5,5.0,0.25,10,10,True,0.7568585429677844
5,5.0,0.5,2,1,True,0.8140244385135095
5,5.0,0.5,5,1,True,0.8150309341519055
5,5.0,0.5,10,1,True,0.8157511612844152
5,5.0,0.5,2,2,True,0.8162531511471288
5,5.0,0.5,5,2,True,0.8094592645248841
5,5.0,0.5,10,2,True,0.8105003692836249
5,5.0,0.5,2,5,True,0.8186825500501707
5,5.0,0.5,5,5,True,0.8186825500501707
5,5.0,0.5,10,5,True,0.8186825500501707
5,5.0,0.5,2,10,True,0.7785491131658138
5,5.0,0.5,5,10,True,0.7785491131658138
5,5.0,0.5,10,10,True,0.7785491131658138
5,10.0,sqrt,2,1,True,0.7236512643542221
5,10.0,sqrt,5,1,True,0.7814696568324131
5,10.0,sqrt,10,1,True,0.7489803599681464
5,10.0,sqrt,2,2,True,0.7430374300472907
5,10.0,sqrt,5,2,True,0.732603881684231
5,10.0,sqrt,10,2,True,0.7525377740954202
5,10.0,sqrt,2,5,True,0.7455701644343292
5,10.0,sqrt,5,5,True,0.7455701644343292
5,10.0,sqrt,10,5,True,0.7455701644343292
5,10.0,sqrt,2,10,True,0.7051520419912432
5,10.0,sqrt,5,10,True,0.7051520419912432
5,10.0,sqrt,10,10,True,0.7051520419912432
5,10.0,log2,2,1,True,0.5693914838078398
5,10.0,log2,5,1,True,0.5643954227131339
5,10.0,log2,10,1,True,0.5635739708034004
5,10.0,log2,2,2,True,0.5666366063041485
5,10.0,log2,5,2,True,0.5765057659570668
5,10.0,log2,10,2,True,0.600134571774208
5,10.0,log2,2,5,True,0.5655501821687318
5,10.0,log2,5,5,True,0.5655501821687318
5,10.0,log2,10,5,True,0.5655501821687318
5,10.0,log2,2,10,True,0.46021672217478543
5,10.0,log2,5,10,True,0.46021672217478543
5,10.0,log2,10,10,True,0.46021672217478543
5,10.0,0.1,2,1,True,0.8170090397471746
5,10.0,0.1,5,1,True,0.7856279437773883
5,10.0,0.1,10,1,True,0.8055900501230029
5,10.0,0.1,2,2,True,0.7824184044725234
5,10.0,0.1,5,2,True,0.7828674666327617
5,10.0,0.1,10,2,True,0.7897381294240569
5,10.0,0.1,2,5,True,0.7569335533266909
5,10.0,0.1,5,5,True,0.7569335533266909
5,10.0,0.1,10,5,True,0.7569335533266909
5,10.0,0.1,2,10,True,0.7051197948979319
5,10.0,0.1,5,10,True,0.7051197948979319
5,10.0,0.1,10,10,True,0.7051197948979319
5,10.0,0.25,2,1,True,0.8445462763190003
5,10.0,0.25,5,1,True,0.8353368486685305
5,10.0,0.25,10,1,True,0.8219684115488558
5,10.0,0.25,2,2,True,0.8317912416884872
5,10.0,0.25,5,2,True,0.8385488179022522
5,10.0,0.25,10,2,True,0.8058417207579298
5,10.0,0.25,2,5,True,0.8093429590484826
5,10.0,0.25,5,5,True,0.8093429590484826
5,10.0,0.25,10,5,True,0.8093429590484826
5,10.0,0.25,2,10,True,0.7897158914381253
5,10.0,0.25,5,10,True,0.7897158914381253
5,10.0,0.25,10,10,True,0.7897158914381253
5,10.0,0.5,2,1,True,0.8384630149224475
5,10.0,0.5,5,1,True,0.8472752359777749
5,10.0,0.5,10,1,True,0.8416662609620781
5,10.0,0.5,2,2,True,0.8391785276852636
5,10.0,0.5,5,2,True,0.8390716329626751
5,10.0,0.5,10,2,True,0.8437690637473448
5,10.0,0.5,2,5,True,0.8499871736867883
5,10.0,0.5,5,5,True,0.8499871736867883
5,10.0,0.5,10,5,True,0.8499871736867883
5,10.0,0.5,2,10,True,0.7975914777201386
5,10.0,0.5,5,10,True,0.7975914777201386
5,10.0,0.5,10,10,True,0.7975914777201386
5,20.0,sqrt,2,1,True,0.7704738712775583
5,20.0,sqrt,5,1,True,0.7702361190153033
5,20.0,sqrt,10,1,True,0.7737649215071478
5,20.0,sqrt,2,2,True,0.7629741764068655
5,20.0,sqrt,5,2,True,0.7651025824606688
5,20.0,sqrt,10,2,True,0.769246860023402
5,20.0,sqrt,2,5,True,0.759324845630321
5,20.0,sqrt,5,5,True,0.759324845630321
5,20.0,sqrt,10,5,True,0.759324845630321
5,20.0,sqrt,2,10,True,0.704482323994216
5,20.0,sqrt,5,10,True,0.704482323994216
5,20.0,sqrt,10,10,True,0.704482323994216
5,20.0,log2,2,1,True,0.6636571724384481
5,20.0,log2,5,1,True,0.6452304584657437
5,20.0,log2,10,1,True,0.641731989400124
5,20.0,log2,2,2,True,0.6258939321573702
5,20.0,log2,5,2,True,0.6521538103395853
5,20.0,log2,10,2,True,0.6275117515750342
5,20.0,log2,2,5,True,0.6222651869236273
5,20.0,log2,5,5,True,0.6222651869236273
5,20.0,log2,10,5,True,0.6222651869236273
5,20.0,log2,2,10,True,0.5158399684270953
5,20.0,log2,5,10,True,0.5158399684270953
5,20.0,log2,10,10,True,0.5158399684270953
5,20.0,0.1,2,1,True,0.7868057566167862
5,20.0,0.1,5,1,True,0.7880478567836257
5,20.0,0.1,10,1,True,0.7985246972785454
5,20.0,0.1,2,2,True,0.782311300954437
5,20.0,0.1,5,2,True,0.8080052857381649
5,20.0,0.1,10,2,True,0.8061570034541392
5,20.0,0.1,2,5,True,0.7710085129147458
5,20.0,0.1,5,5,True,0.7710085129147458
5,20.0,0.1,10,5,True,0.7710085129147458
5,20.0,0.1,2,10,True,0.7215656583372022
5,20.0,0.1,5,10,True,0.7215656583372022
5,20.0,0.1,10,10,True,0.7215656583372022
5,20.0,0.25,2,1,True,0.8483130561583699
5,20.0,0.25,5,1,True,0.83828087804596
5,20.0,0.25,10,1,True,0.8358739672436831
5,20.0,0.25,2,2,True,0.8353814664453431
5,20.0,0.25,5,2,True,0.8521956732122478
5,20.0,0.25,10,2,True,0.8144572572211969
5,20.0,0.25,2,5,True,0.8228149378015589
5,20.0,0.25,5,5,True,0.8228149378015589
5,20.0,0.25,10,5,True,0.8228149378015589
5,20.0,0.25,2,10,True,0.7910572109340328
5,20.0,0.25,5,10,True,0.7910572109340328
5,20.0,0.25,10,10,True,0.7910572109340328
5,20.0,0.5,2,1,True,0.8443499512367687
5,20.0,0.5,5,1,True,0.8481407669878012
5,20.0,0.5,10,1,True,0.8377555786100205
5,20.0,0.5,2,2,True,0.8454708450893434
5,20.0,0.5,5,2,True,0.8426638011121049
5,20.0,0.5,10,2,True,0.8467972027026374
5,20.0,0.5,2,5,True,0.8482797496985383
5,20.0,0.5,5,5,True,0.8482797496985383
5,20.0,0.5,10,5,True,0.8482797496985383
5,20.0,0.5,2,10,True,0.7984911639129515
5,20.0,0.5,5,10,True,0.7984911639129515
5,20.0,0.5,10,10,True,0.7984911639129515
5,,sqrt,2,1,True,0.7737747461628008
5,,sqrt,5,1,True,0.7773780264194337
5,,sqrt,10,1,True,0.7623337544632554
5,,sqrt,2,2,True,0.765898331415803
5,,sqrt,5,2,True,0.7703501561573365
5,,sqrt,10,2,True,0.7697551563833873
5,,sqrt,2,5,True,0.7603640231671902
5,,sqrt,5,5,True,0.7603640231671902
5,,sqrt,10,5,True,0.7603640231671902
5,,sqrt,2,10,True,0.704482323994216
5,,sqrt,5,10,True,0.704482323994216
5,,sqrt,10,10,True,0.704482323994216
5,,log2,2,1,True,0.6607688092051738
5,,log2,5,1,True,0.639154662124121
5,,log2,10,1,True,0.6370874467247376
5,,log2,2,2,True,0.6228828375957308
5,,log2,5,2,True,0.6524560492356013
5,,log2,10,2,True,0.616054903994337
5,,log2,2,5,True,0.6279665053179736
5,,log2,5,5,True,0.6279665053179736
5,,log2,10,5,True,0.6279665053179736
5,,log2,2,10,True,0.5158399684270953
5,,log2,5,10,True,0.5158399684270953
5,,log2,10,10,True,0.5158399684270953
5,,0.1,2,1,True,0.7852189214442247
5,,0.1,5,1,True,0.7867734768381723
5,,0.1,10,1,True,0.7999073398914422
5,,0.1,2,2,True,0.785567142802525
5,,0.1,5,2,True,0.8097579668253727
5,,0.1,10,2,True,0.8032237314560934
5,,0.1,2,5,True,0.7707815882067969
5,,0.1,5,5,True,0.7707815882067969
5,,0.1,10,5,True,0.7707815882067969
5,,0.1,2,10,True,0.7215656583372022
5,,0.1,5,10,True,0.7215656583372022
5,,0.1,10,10,True,0.7215656583372022
5,,0.25,2,1,True,0.8483130561583699
5,,0.25,5,1,True,0.83828087804596
5,,0.25,10,1,True,0.8358739672436831
5,,0.25,2,2,True,0.8353814664453431
5,,0.25,5,2,True,0.8521956732122478
5,,0.25,10,2,True,0.8144572572211969
5,,0.25,2,5,True,0.8228149378015589
5,,0.25,5,5,True,0.8228149378015589
5,,0.25,10,5,True,0.8228149378015589
5,,0.25,2,10,True,0.7910572109340328
5,,0.25,5,10,True,0.7910572109340328
5,,0.25,10,10,True,0.7910572109340328
5,,0.5,2,1,True,0.8443499512367687
5,,0.5,5,1,True,0.8481407669878012
5,,0.5,10,1,True,0.8377555786100205
5,,0.5,2,2,True,0.8454708450893434
5,,0.5,5,2,True,0.8426638011121049
5,,0.5,10,2,True,0.8467972027026374
5,,0.5,2,5,True,0.8482797496985383
5,,0.5,5,5,True,0.8482797496985383
5,,0.5,10,5,True,0.8482797496985383
5,,0.5,2,10,True,0.7984911639129515
5,,0.5,5,10,True,0.7984911639129515
5,,0.5,10,10,True,0.7984911639129515
