max_depth,max_features,min_samples_split,min_samples_leaf,bootstrap,avg_f1,std_f1,avg_fpr,std_fpr,avg_fnr,std_fnr
5.0,sqrt,2,1,False,0.6504794729225694,0.0632730141466724,0.04681388925591242,0.004758003448202831,0.33778387864718373,0.0563407474170148
5.0,sqrt,2,1,True,0.6273867225510102,0.05101965999194629,0.047230191578899725,0.0042020220310162145,0.3609804486403295,0.04889157707053729
5.0,sqrt,2,2,False,0.6544681468120438,0.054624995821668104,0.04656195439184756,0.0040156799124876135,0.3367266641225778,0.05031253318188312
5.0,sqrt,2,2,True,0.6204628319547913,0.06288985800403789,0.04826698834613967,0.004803991849333525,0.36329226467109016,0.05207964558859427
5.0,sqrt,2,5,False,0.6344495210057137,0.04795062280707972,0.048298677231091554,0.0032906802859691076,0.35138408796167653,0.04696173604073137
5.0,sqrt,2,5,True,0.6076217520143227,0.04953572070413227,0.04808735833113513,0.003689207643802892,0.372561341867181,0.03751009051431226
5.0,sqrt,2,10,False,0.64119809581713,0.06482284735038597,0.047322059007709735,0.004286135039783212,0.3483221240456737,0.05614274313453571
5.0,sqrt,2,10,True,0.58627257575931,0.03648632567429731,0.04943050310870291,0.0020338346875495897,0.3917616524261813,0.02265120895302282
5.0,sqrt,5,1,False,0.6455923094774821,0.04548130210725808,0.04729857309142888,0.002754776300566419,0.34607190221781237,0.038570437953537096
5.0,sqrt,5,1,True,0.6054980342270708,0.06231044833747992,0.04906380925851746,0.0054206156014662225,0.3738832709732743,0.047934503647954485
5.0,sqrt,5,2,False,0.6527858843771004,0.05210947955235524,0.04652854263559199,0.0024948190476741486,0.3389885688844814,0.04917443278136473
5.0,sqrt,5,2,True,0.6146314103726016,0.06379113438243579,0.048727729796673405,0.005423558566605077,0.3680743387047164,0.053485442600586665
5.0,sqrt,5,5,False,0.6344495210057137,0.04795062280707972,0.048298677231091554,0.0032906802859691076,0.35138408796167653,0.04696173604073137
5.0,sqrt,5,5,True,0.6076217520143227,0.04953572070413227,0.04808735833113513,0.003689207643802892,0.372561341867181,0.03751009051431226
5.0,sqrt,5,10,False,0.64119809581713,0.06482284735038597,0.047322059007709735,0.004286135039783212,0.3483221240456737,0.05614274313453571
5.0,sqrt,5,10,True,0.58627257575931,0.03648632567429731,0.04943050310870291,0.0020338346875495897,0.3917616524261813,0.02265120895302282
5.0,sqrt,10,1,False,0.6542405809205805,0.052582003262234146,0.046981949216000726,0.003143428968607009,0.33898745974517475,0.045945336124392444
5.0,sqrt,10,1,True,0.6033211841009585,0.05085212763059696,0.048721456065479715,0.0049648239165160195,0.38124974766428105,0.03447659895984782
5.0,sqrt,10,2,False,0.653344073381989,0.05400413600086227,0.04679925082038969,0.0030152446925468075,0.33417453457510826,0.05174476328748819
5.0,sqrt,10,2,True,0.6041019489521585,0.055338553714051525,0.04856501578766921,0.004708359942307409,0.3778990378151247,0.03354734930107654
5.0,sqrt,10,5,False,0.6344495210057137,0.04795062280707972,0.048298677231091554,0.0032906802859691076,0.35138408796167653,0.04696173604073137
5.0,sqrt,10,5,True,0.6076217520143227,0.04953572070413227,0.04808735833113513,0.003689207643802892,0.372561341867181,0.03751009051431226
5.0,sqrt,10,10,False,0.64119809581713,0.06482284735038597,0.047322059007709735,0.004286135039783212,0.3483221240456737,0.05614274313453571
5.0,sqrt,10,10,True,0.58627257575931,0.03648632567429731,0.04943050310870291,0.0020338346875495897,0.3917616524261813,0.02265120895302282
5.0,log2,2,1,False,0.43861562486006,0.04110548718444213,0.06339039269145479,0.0035560879297687913,0.5090793569783438,0.03583136225665466
5.0,log2,2,1,True,0.38325492508480025,0.04152662162623973,0.06462912701955725,0.003691977287628846,0.5485755559139733,0.038921854654425804
5.0,log2,2,2,False,0.42763834245767657,0.04726086250915091,0.06292528043435178,0.0038464386322882233,0.5121129403721717,0.04579697175995359
5.0,log2,2,2,True,0.3964676757762859,0.04319690293429693,0.06527890669726859,0.0017588644576280797,0.5410599369573624,0.029363928198709685
5.0,log2,2,5,False,0.44447812727786734,0.04119790642108088,0.06338316168979415,0.003569783833419428,0.5057444103514708,0.03316268575490706
5.0,log2,2,5,True,0.36484518170454383,0.03567914072247899,0.06681217636036593,0.0036358266274603666,0.5661482415099485,0.021727451805764023
5.0,log2,2,10,False,0.43840141979353103,0.0604345636051516,0.06278730771337662,0.004110889496857785,0.5022119019695832,0.05255735473107471
5.0,log2,2,10,True,0.3657619623231402,0.03474969117396019,0.0665401803141505,0.003587692668810611,0.5632774761469477,0.02588167028674219
5.0,log2,5,1,False,0.4329891595677965,0.05099795358599739,0.06308088480809812,0.0042676356698930565,0.5096044369708126,0.04393844033021215
5.0,log2,5,1,True,0.37354219987605897,0.04637879294438023,0.06631067346668312,0.003160744225676197,0.5588293838665579,0.031589392146548496
5.0,log2,5,2,False,0.424757320846415,0.06045066885686152,0.06360126573013807,0.004325096719534105,0.5149283056487176,0.050064242957804025
5.0,log2,5,2,True,0.3768875108435956,0.04532065205186762,0.0659421733391874,0.0022330432386036127,0.5545340570401758,0.031183267980575035
5.0,log2,5,5,False,0.44447812727786734,0.04119790642108088,0.06338316168979415,0.003569783833419428,0.5057444103514708,0.03316268575490706
5.0,log2,5,5,True,0.36484518170454383,0.03567914072247899,0.06681217636036593,0.0036358266274603666,0.5661482415099485,0.021727451805764023
5.0,log2,5,10,False,0.43840141979353103,0.0604345636051516,0.06278730771337662,0.004110889496857785,0.5022119019695832,0.05255735473107471
5.0,log2,5,10,True,0.3657619623231402,0.03474969117396019,0.0665401803141505,0.003587692668810611,0.5632774761469477,0.02588167028674219
5.0,log2,10,1,False,0.45202161543057395,0.03713599542811923,0.06177865227239596,0.004182145579472432,0.49408572948782165,0.03570609191337405
5.0,log2,10,1,True,0.3921848537997934,0.04919332136408209,0.06518462244302813,0.004165583990685117,0.5448252430798104,0.037453086342429755
5.0,log2,10,2,False,0.44914864670847565,0.03763535187017024,0.06240719082741264,0.004135838139875024,0.5004802873109506,0.029784392786806942
5.0,log2,10,2,True,0.3874742038721619,0.04884488818468614,0.06548403740655814,0.004044623368814298,0.550803134236272,0.03395902996083651
5.0,log2,10,5,False,0.44447812727786734,0.04119790642108088,0.06338316168979415,0.003569783833419428,0.5057444103514708,0.03316268575490706
5.0,log2,10,5,True,0.36484518170454383,0.03567914072247899,0.06681217636036593,0.0036358266274603666,0.5661482415099485,0.021727451805764023
5.0,log2,10,10,False,0.43840141979353103,0.0604345636051516,0.06278730771337662,0.004110889496857785,0.5022119019695832,0.05255735473107471
5.0,log2,10,10,True,0.3657619623231402,0.03474969117396019,0.0665401803141505,0.003587692668810611,0.5632774761469477,0.02588167028674219
5.0,0.1,2,1,False,0.7060022992299062,0.046062639960622,0.040548598463846584,0.004581708445855244,0.30129449587674695,0.041726678648869524
5.0,0.1,2,1,True,0.6782215588726209,0.05427550081058805,0.04196885700290853,0.006412543380271059,0.3240784091684185,0.04422961136581999
5.0,0.1,2,2,False,0.7193914518341568,0.04713113506413828,0.03988484402210015,0.004187576803531622,0.2866403425766363,0.04617401034185687
5.0,0.1,2,2,True,0.6745673172413781,0.054158425453052,0.042513275129055034,0.005902208110811238,0.32678846308965237,0.04415409687781452
5.0,0.1,2,5,False,0.7126872698280081,0.06778119707054302,0.04003354346990422,0.005788581043159094,0.29068242937182887,0.05781052124414323
5.0,0.1,2,5,True,0.6658863677069676,0.06265002318930787,0.04190290915124785,0.006136882053668912,0.3294254353306594,0.05453102223050549
5.0,0.1,2,10,False,0.6973903114868844,0.06810483971602876,0.04093820924907411,0.005208797894760442,0.305931928837163,0.06269812882217092
5.0,0.1,2,10,True,0.6437350380605188,0.061443371094151,0.04163482564988619,0.006030327864176107,0.348861770734376,0.04477361865201279
5.0,0.1,5,1,False,0.7085723193041648,0.041329750524876446,0.04020547422335628,0.005118310479094894,0.2993162955056895,0.0391764249302853
5.0,0.1,5,1,True,0.6758800909414736,0.04342760796498056,0.042506152794053356,0.004863749663888593,0.32541455232133204,0.03750709507481902
5.0,0.1,5,2,False,0.6994669529926003,0.03440882414905262,0.041209419771217386,0.004406392486077243,0.30556338175277536,0.03482245942428539
5.0,0.1,5,2,True,0.6808773829467285,0.049971012594900464,0.041740028697145104,0.0049813288679203494,0.3225485363497259,0.04026394508508221
5.0,0.1,5,5,False,0.7126872698280081,0.06778119707054302,0.04003354346990422,0.005788581043159094,0.29068242937182887,0.05781052124414323
5.0,0.1,5,5,True,0.6658863677069676,0.06265002318930787,0.04190290915124785,0.006136882053668912,0.3294254353306594,0.05453102223050549
5.0,0.1,5,10,False,0.6973903114868844,0.06810483971602876,0.04093820924907411,0.005208797894760442,0.305931928837163,0.06269812882217092
5.0,0.1,5,10,True,0.6437350380605188,0.061443371094151,0.04163482564988619,0.006030327864176107,0.348861770734376,0.04477361865201279
5.0,0.1,10,1,False,0.697461377558768,0.05509604639870464,0.04053601396276301,0.004975758289275351,0.3054021868400264,0.04757060103671481
5.0,0.1,10,1,True,0.6798856095691306,0.05475960485887628,0.0423947277491666,0.005370104663273055,0.31872760831296293,0.051755455609466
5.0,0.1,10,2,False,0.6950282035823677,0.06101396549731593,0.04091231147186346,0.006029273046865631,0.30757868787522286,0.05135608608423193
5.0,0.1,10,2,True,0.6809584213838921,0.05316967132312529,0.042175161448515366,0.005968962909935219,0.3175407723745743,0.05102140425081443
5.0,0.1,10,5,False,0.7126872698280081,0.06778119707054302,0.04003354346990422,0.005788581043159094,0.29068242937182887,0.05781052124414323
5.0,0.1,10,5,True,0.6658863677069676,0.06265002318930787,0.04190290915124785,0.006136882053668912,0.3294254353306594,0.05453102223050549
5.0,0.1,10,10,False,0.6973903114868844,0.06810483971602876,0.04093820924907411,0.005208797894760442,0.305931928837163,0.06269812882217092
5.0,0.1,10,10,True,0.6437350380605188,0.061443371094151,0.04163482564988619,0.006030327864176107,0.348861770734376,0.04477361865201279
5.0,0.25,2,1,False,0.7974519600814173,0.057658147345393346,0.030434668583360653,0.0049729931344734985,0.21138788540649028,0.05713253789242422
5.0,0.25,2,1,True,0.7926359524358524,0.05495839215051585,0.02864817539942253,0.003968367043228015,0.22103738445815474,0.05469184726269758
5.0,0.25,2,2,False,0.8071232463015067,0.04973030631005658,0.029335807065428116,0.004869125607308621,0.20656460826954876,0.05358998723936352
5.0,0.25,2,2,True,0.790614995969173,0.07181283218620514,0.028786099136046267,0.005253674927928458,0.21998642454849948,0.06965021987528518
5.0,0.25,2,5,False,0.8117145697202132,0.06025221868019719,0.028170179736300826,0.00633880159058227,0.20172691232160286,0.06529698033464343
5.0,0.25,2,5,True,0.7870055954488515,0.06709952594196394,0.02936319220380649,0.004966589375267419,0.22119662997454442,0.06446362951898892
5.0,0.25,2,10,False,0.799893917183208,0.063782249163574,0.028967039699521753,0.0059260185539357245,0.2104510324044168,0.06471531637526368
5.0,0.25,2,10,True,0.7826455644259782,0.06863293059681433,0.028615529875403833,0.005039315267810358,0.22892725338839326,0.06789711164801254
5.0,0.25,5,1,False,0.8034621026031011,0.0586534947647484,0.029706167661442257,0.005392208084516821,0.2099028823143426,0.06273743386224591
5.0,0.25,5,1,True,0.7971986140815466,0.061338093598392006,0.028537083665218087,0.004758543608612217,0.21687848176664487,0.05887657047299186
5.0,0.25,5,2,False,0.807424421235908,0.05818418188144369,0.028977103919967485,0.006195784462807218,0.2061660575449093,0.06379802317533993
5.0,0.25,5,2,True,0.789991996831215,0.06499953324374681,0.028674530534742997,0.005220164151125899,0.22145640384456539,0.06254577979217478
5.0,0.25,5,5,False,0.8117145697202132,0.06025221868019719,0.028170179736300826,0.00633880159058227,0.20172691232160286,0.06529698033464343
5.0,0.25,5,5,True,0.7870055954488515,0.06709952594196394,0.02936319220380649,0.004966589375267419,0.22119662997454442,0.06446362951898892
5.0,0.25,5,10,False,0.799893917183208,0.063782249163574,0.028967039699521753,0.0059260185539357245,0.2104510324044168,0.06471531637526368
5.0,0.25,5,10,True,0.7826455644259782,0.06863293059681433,0.028615529875403833,0.005039315267810358,0.22892725338839326,0.06789711164801254
5.0,0.25,10,1,False,0.8038201572035467,0.05927741932996373,0.029556049324230484,0.006037447670427009,0.20918550445410763,0.06343951383437092
5.0,0.25,10,1,True,0.7864129567103989,0.06649858129140118,0.029514652682421365,0.004341408569346729,0.22218030209952083,0.0648385890112314
5.0,0.25,10,2,False,0.8062784721476689,0.05711484690013284,0.02909694928511506,0.005805699648243491,0.20665962453692352,0.06253763861325037
5.0,0.25,10,2,True,0.7755169115802574,0.06400551842489521,0.030346290325903663,0.004831629012527896,0.2344422068614222,0.06171393676391177
5.0,0.25,10,5,False,0.8117145697202132,0.06025221868019719,0.028170179736300826,0.00633880159058227,0.20172691232160286,0.06529698033464343
5.0,0.25,10,5,True,0.7870055954488515,0.06709952594196394,0.02936319220380649,0.004966589375267419,0.22119662997454442,0.06446362951898892
5.0,0.25,10,10,False,0.799893917183208,0.063782249163574,0.028967039699521753,0.0059260185539357245,0.2104510324044168,0.06471531637526368
5.0,0.25,10,10,True,0.7826455644259782,0.06863293059681433,0.028615529875403833,0.005039315267810358,0.22892725338839326,0.06789711164801254
5.0,0.5,2,1,False,0.8122391048559334,0.04887618057512512,0.029691544278630917,0.006926310623957651,0.19878362631154972,0.05416213888955575
5.0,0.5,2,1,True,0.7926969146238039,0.06676503980087735,0.02923155593523482,0.005014154551428854,0.21563768064230399,0.06806857758293157
5.0,0.5,2,2,False,0.8099120711683059,0.05723472617276446,0.03006502191160501,0.0074530676061512315,0.20305122465523445,0.06725077484170361
5.0,0.5,2,2,True,0.8036022771643319,0.05546183096090762,0.02873283882837165,0.004556266833317892,0.20868713119175628,0.0583746855404324
5.0,0.5,2,5,False,0.8140961223170523,0.04608108162326709,0.02958527139895976,0.006153300952994277,0.1987655103695207,0.054618888147340124
5.0,0.5,2,5,True,0.8092613066851492,0.061847136918472795,0.02798382575510288,0.005078003477881283,0.20126218295159232,0.06606515413294402
5.0,0.5,2,10,False,0.8099603636807302,0.061520910178777664,0.028502894249973897,0.006378824856839928,0.20043143760997945,0.06349233221550292
5.0,0.5,2,10,True,0.783957692621037,0.07448075250072025,0.029053824184227202,0.005660529088699398,0.22425538023049713,0.07372623536969515
5.0,0.5,5,1,False,0.7982265368448305,0.06796572780702777,0.030356854756854075,0.007581762600936357,0.2104839368705526,0.06878998571624777
5.0,0.5,5,1,True,0.804184265671519,0.06547908669288159,0.028441958446381636,0.004514017611051581,0.20358799120131352,0.0645908959783461
5.0,0.5,5,2,False,0.8066383410707267,0.05635322880216118,0.030341460668184127,0.006984261326797683,0.20399043037704886,0.06502320287808182
5.0,0.5,5,2,True,0.8066918811615155,0.05621676007766629,0.028604562314820153,0.003939994695659157,0.2038061788108055,0.06027828630546245
5.0,0.5,5,5,False,0.8140961223170523,0.04608108162326709,0.02958527139895976,0.006153300952994277,0.1987655103695207,0.054618888147340124
5.0,0.5,5,5,True,0.8092613066851492,0.061847136918472795,0.02798382575510288,0.005078003477881283,0.20126218295159232,0.06606515413294402
5.0,0.5,5,10,False,0.8099603636807302,0.061520910178777664,0.028502894249973897,0.006378824856839928,0.20043143760997945,0.06349233221550292
5.0,0.5,5,10,True,0.783957692621037,0.07448075250072025,0.029053824184227202,0.005660529088699398,0.22425538023049713,0.07372623536969515
5.0,0.5,10,1,False,0.8049080259461032,0.05244634756201289,0.030216874123452392,0.0068718774994432925,0.20626551036951893,0.058506166041072456
5.0,0.5,10,1,True,0.8002172377168687,0.06498337068368712,0.028457576809688585,0.004744263341811799,0.20772877795079436,0.06596316037174138
5.0,0.5,10,2,False,0.806788299600537,0.05375073221088146,0.030234622048310407,0.007186774233256746,0.2074818664771791,0.06296999226972999
5.0,0.5,10,2,True,0.807687268382898,0.06160041865077356,0.028279321249942264,0.005051550867473049,0.20263561024893262,0.06601266506889347
5.0,0.5,10,5,False,0.8140961223170523,0.04608108162326709,0.02958527139895976,0.006153300952994277,0.1987655103695207,0.054618888147340124
5.0,0.5,10,5,True,0.8092613066851492,0.061847136918472795,0.02798382575510288,0.005078003477881283,0.20126218295159232,0.06606515413294402
5.0,0.5,10,10,False,0.8099603636807302,0.061520910178777664,0.028502894249973897,0.006378824856839928,0.20043143760997945,0.06349233221550292
5.0,0.5,10,10,True,0.783957692621037,0.07448075250072025,0.029053824184227202,0.005660529088699398,0.22425538023049713,0.07372623536969515
10.0,sqrt,2,1,False,0.8077495692206227,0.04229131116218979,0.03073951572437955,0.004853657362775107,0.20563553992588793,0.050226314452764355
10.0,sqrt,2,1,True,0.7732958130022997,0.0643798551633473,0.031075785324086815,0.004540548664374784,0.23752012531977637,0.060713033491730746
10.0,sqrt,2,2,False,0.8303167610699962,0.03850475725034022,0.028511695232260763,0.004349867297882044,0.1807217534018584,0.04364059409808323
10.0,sqrt,2,2,True,0.7712358612289536,0.0758035261761168,0.030813749614927534,0.004080521413759903,0.23256665229177073,0.06915245496396943
10.0,sqrt,2,5,False,0.8137584570830205,0.04159421248623319,0.029654790213535377,0.00418842010101723,0.20187821598688677,0.04791913861638512
10.0,sqrt,2,5,True,0.7697520370844906,0.06818135569476567,0.031008482128783883,0.00354802060021856,0.23891927482451636,0.0619820725729955
10.0,sqrt,2,10,False,0.7803653825556153,0.056005509630165415,0.030968348731694306,0.003940972441049621,0.23183505056017087,0.053793988181646525
10.0,sqrt,2,10,True,0.7308484229389651,0.06833896678028126,0.03396064873397662,0.005116998140757322,0.27306466928511913,0.059259644633461964
10.0,sqrt,5,1,False,0.8066751377390549,0.0477233824207388,0.03056573987594935,0.004888264145747375,0.2040801569031137,0.052559560502490624
10.0,sqrt,5,1,True,0.7869614198996564,0.06250325787881902,0.02964228396421356,0.004739395282306986,0.22426608898344408,0.059002321781264674
10.0,sqrt,5,2,False,0.8146017575201536,0.03620284321605179,0.029852886050306594,0.004312564884780425,0.19973182666192657,0.040208738925352386
10.0,sqrt,5,2,True,0.7828021735756917,0.05150455989497667,0.03133769047948121,0.0035629518155496933,0.22839167354381407,0.05061899197530212
10.0,sqrt,5,5,False,0.8137584570830205,0.04159421248623319,0.029654790213535377,0.00418842010101723,0.20187821598688677,0.04791913861638512
10.0,sqrt,5,5,True,0.7697520370844906,0.06818135569476567,0.031008482128783883,0.00354802060021856,0.23891927482451636,0.0619820725729955
10.0,sqrt,5,10,False,0.7803653825556153,0.056005509630165415,0.030968348731694306,0.003940972441049621,0.23183505056017087,0.053793988181646525
10.0,sqrt,5,10,True,0.7308484229389651,0.06833896678028126,0.03396064873397662,0.005116998140757322,0.27306466928511913,0.059259644633461964
10.0,sqrt,10,1,False,0.7932307853090275,0.05123452470233453,0.03156610273840962,0.005145753742089902,0.21552499570819866,0.0530539636413805
10.0,sqrt,10,1,True,0.7956131075529277,0.055633667494227164,0.03003544230739636,0.004459181015841515,0.2174281272557356,0.056424614439494925
10.0,sqrt,10,2,False,0.8032382067220208,0.03908102607272396,0.032079006003690604,0.0033351813494129083,0.20903257767075267,0.04388680287113671
10.0,sqrt,10,2,True,0.7857624877555989,0.0648581486597835,0.03158135763355503,0.0050055889054624585,0.22489461418495504,0.06322292562326774
10.0,sqrt,10,5,False,0.8137584570830205,0.04159421248623319,0.029654790213535377,0.00418842010101723,0.20187821598688677,0.04791913861638512
10.0,sqrt,10,5,True,0.7697520370844906,0.06818135569476567,0.031008482128783883,0.00354802060021856,0.23891927482451636,0.0619820725729955
10.0,sqrt,10,10,False,0.7803653825556153,0.056005509630165415,0.030968348731694306,0.003940972441049621,0.23183505056017087,0.053793988181646525
10.0,sqrt,10,10,True,0.7308484229389651,0.06833896678028126,0.03396064873397662,0.005116998140757322,0.27306466928511913,0.059259644633461964
10.0,log2,2,1,False,0.6968402061876047,0.059197879429128394,0.04229252013475755,0.006463934800813882,0.3057591078693111,0.05114344279528125
10.0,log2,2,1,True,0.6661887619235612,0.04725887473667107,0.04395027859035481,0.004455217028438906,0.3357568290921805,0.03983443642716227
10.0,log2,2,2,False,0.7137449856358951,0.06493290953375681,0.04037537353481536,0.004111139073518865,0.290567761431074,0.060736594287787556
10.0,log2,2,2,True,0.6594626141685349,0.0662627400260264,0.043067338141311015,0.004159943498794058,0.34626216019998857,0.0567708117233377
10.0,log2,2,5,False,0.6689553429631651,0.05652634728425793,0.042418978710256385,0.0030678476146070257,0.3331346795026366,0.04723969511412013
10.0,log2,2,5,True,0.5937967283206347,0.0775376952583458,0.04719885044571223,0.0063373124387385545,0.3985432828040827,0.07189867876178854
10.0,log2,2,10,False,0.6582963664473961,0.0460452833642968,0.043072532729792994,0.004665905955479181,0.3415119213084458,0.03741152775311052
10.0,log2,2,10,True,0.621883384404807,0.07301672708802949,0.04543220158820828,0.006774388768901316,0.3773265740470041,0.05553544847101017
10.0,log2,5,1,False,0.7129402735542015,0.05166050816489926,0.03998432261148856,0.0039429120088000005,0.2975235437439953,0.04622760892841372
10.0,log2,5,1,True,0.6568928996251999,0.05024979293894797,0.044451195458012766,0.0030137393098331605,0.3470163108112869,0.0520383934089793
10.0,log2,5,2,False,0.7116093100829326,0.05858409624195835,0.040211855745161174,0.004349920188922347,0.29516136916908914,0.05778898413950617
10.0,log2,5,2,True,0.6255080944707442,0.05796900275357454,0.04637302660568003,0.004701657546978039,0.37014050028640166,0.05077898081449526
10.0,log2,5,5,False,0.6689553429631651,0.05652634728425793,0.042418978710256385,0.0030678476146070257,0.3331346795026366,0.04723969511412013
10.0,log2,5,5,True,0.5937967283206347,0.0775376952583458,0.04719885044571223,0.0063373124387385545,0.3985432828040827,0.07189867876178854
10.0,log2,5,10,False,0.6582963664473961,0.0460452833642968,0.043072532729792994,0.004665905955479181,0.3415119213084458,0.03741152775311052
10.0,log2,5,10,True,0.621883384404807,0.07301672708802949,0.04543220158820828,0.006774388768901316,0.3773265740470041,0.05553544847101017
10.0,log2,10,1,False,0.692595797646084,0.05459811717502923,0.04384656457300555,0.004810404311143561,0.317462688967303,0.044508034658845334
10.0,log2,10,1,True,0.6395086001104275,0.07881429475996951,0.04466695800905878,0.007009168715212441,0.3645738852244425,0.061546228208361344
10.0,log2,10,2,False,0.6845460986147703,0.07433032421682932,0.04190204916698311,0.0060644921388432835,0.32143820051578914,0.057778091143214305
10.0,log2,10,2,True,0.6373882218654108,0.06609703216999337,0.04470318282490184,0.005218145120845247,0.3656050890103065,0.06303382851329507
10.0,log2,10,5,False,0.6689553429631651,0.05652634728425793,0.042418978710256385,0.0030678476146070257,0.3331346795026366,0.04723969511412013
10.0,log2,10,5,True,0.5937967283206347,0.0775376952583458,0.04719885044571223,0.0063373124387385545,0.3985432828040827,0.07189867876178854
10.0,log2,10,10,False,0.6582963664473961,0.0460452833642968,0.043072532729792994,0.004665905955479181,0.3415119213084458,0.03741152775311052
10.0,log2,10,10,True,0.621883384404807,0.07301672708802949,0.04543220158820828,0.006774388768901316,0.3773265740470041,0.05553544847101017
10.0,0.1,2,1,False,0.8311609115755656,0.046403740074620066,0.027898915416508758,0.005463460316651037,0.18030306701577953,0.05212058450680165
10.0,0.1,2,1,True,0.8226946403150068,0.05124675914807331,0.0260832360239518,0.0033781143316405074,0.19088445767480272,0.05415167578339896
10.0,0.1,2,2,False,0.8305095432242107,0.046806283090286796,0.026901903077943778,0.004909841395532767,0.1826454141096767,0.05483753988903086
10.0,0.1,2,2,True,0.8151703239198499,0.05201785431524656,0.027599221261507084,0.004721479269407926,0.19917435618209123,0.054983013648795404
10.0,0.1,2,5,False,0.8295070460788481,0.038218976839568326,0.027126987999339845,0.002890122877307666,0.18457082306924688,0.045853128128944924
10.0,0.1,2,5,True,0.8108558773322745,0.07121202930548096,0.028029754510834143,0.005144681188490129,0.19870489810393946,0.0699737714599425
10.0,0.1,2,10,False,0.7988483846163901,0.04821607071913738,0.029714893892599608,0.004108671707389017,0.214163399230139,0.049141417293812974
10.0,0.1,2,10,True,0.7686986103094502,0.07200030718746395,0.028029200667871106,0.005799620944450158,0.24015279544467427,0.06671070062751276
10.0,0.1,5,1,False,0.8332598329020977,0.03542842157808852,0.02676395047032979,0.00418705128495914,0.17914436546887785,0.04213082579652271
10.0,0.1,5,1,True,0.7962369920188681,0.06038587543569359,0.028279111089022785,0.0059381428633545185,0.21735602958114986,0.05909365259322108
10.0,0.1,5,2,False,0.8241773324434083,0.04181480081397302,0.027897307069004795,0.004785635904727901,0.18978480939348127,0.047695084484562805
10.0,0.1,5,2,True,0.8027470505536124,0.06318411376638387,0.02920800517562614,0.00583685864059605,0.21056821853092078,0.062447717823461125
10.0,0.1,5,5,False,0.8295070460788481,0.038218976839568326,0.027126987999339845,0.002890122877307666,0.18457082306924688,0.045853128128944924
10.0,0.1,5,5,True,0.8108558773322745,0.07121202930548096,0.028029754510834143,0.005144681188490129,0.19870489810393946,0.0699737714599425
10.0,0.1,5,10,False,0.7988483846163901,0.04821607071913738,0.029714893892599608,0.004108671707389017,0.214163399230139,0.049141417293812974
10.0,0.1,5,10,True,0.7686986103094502,0.07200030718746395,0.028029200667871106,0.005799620944450158,0.24015279544467427,0.06671070062751276
10.0,0.1,10,1,False,0.8149157792444399,0.04876353855333892,0.029934639929152657,0.004623130749102887,0.19836228781567988,0.05723672800112109
10.0,0.1,10,1,True,0.7930843515892988,0.05463316292838008,0.030096880434015337,0.005443884439048817,0.22182422442978061,0.05692091510214417
10.0,0.1,10,2,False,0.8226960940078613,0.05667690545764636,0.027952414379218804,0.005208659167447392,0.1878337764719518,0.059044623846097155
10.0,0.1,10,2,True,0.7983338456872726,0.051184909063224496,0.030457390663571123,0.004247652141813959,0.21547685544266465,0.05086590495303764
10.0,0.1,10,5,False,0.8295070460788481,0.038218976839568326,0.027126987999339845,0.002890122877307666,0.18457082306924688,0.045853128128944924
10.0,0.1,10,5,True,0.8108558773322745,0.07121202930548096,0.028029754510834143,0.005144681188490129,0.19870489810393946,0.0699737714599425
10.0,0.1,10,10,False,0.7988483846163901,0.04821607071913738,0.029714893892599608,0.004108671707389017,0.214163399230139,0.049141417293812974
10.0,0.1,10,10,True,0.7686986103094502,0.07200030718746395,0.028029200667871106,0.005799620944450158,0.24015279544467427,0.06671070062751276
10.0,0.25,2,1,False,0.8594372375250536,0.03336352641095127,0.024117296917686167,0.004053191357805572,0.14887161802998744,0.03948560547662116
10.0,0.25,2,1,True,0.847109761411215,0.03999363169138589,0.025342448307397847,0.00547893267253816,0.1660077634580544,0.0464172454240413
10.0,0.25,2,2,False,0.8531106451672151,0.0372102312518919,0.024138696664973962,0.0036332216847660115,0.15670288096994298,0.045865182851332856
10.0,0.25,2,2,True,0.8596641086362997,0.032307878548939725,0.023737514741843664,0.004764247856918626,0.15057118916278697,0.03925460896193408
10.0,0.25,2,5,False,0.862572995088599,0.03241844537790882,0.02331093847422209,0.00433239726334789,0.1457660279678758,0.040404871820264046
10.0,0.25,2,5,True,0.843916565413618,0.05809652165208577,0.0237877933221402,0.0044578007559399856,0.16622774275411642,0.05968454131215593
10.0,0.25,2,10,False,0.8348632442490963,0.05468596597093592,0.02480376628843846,0.004728604799502503,0.17852223914798843,0.05596850813506234
10.0,0.25,2,10,True,0.8235068872602458,0.05779501577966673,0.025152970505076182,0.004653350477634407,0.19068426449323994,0.059054693004800554
10.0,0.25,5,1,False,0.8529252893821386,0.03893352844084687,0.025095364392285963,0.005460629507082314,0.15706731725829362,0.045582340400491
10.0,0.25,5,1,True,0.8420066805496106,0.0538684146725778,0.024881375506775393,0.0038320019273790163,0.16568426449325005,0.0553556367785517
10.0,0.25,5,2,False,0.8448042098203448,0.0364085225360317,0.02567987431897355,0.005128054552203823,0.16544511699478714,0.04401261319899871
10.0,0.25,5,2,True,0.8501186472354195,0.03471505155614296,0.024566829282447147,0.00466386342150054,0.16213507558691798,0.04245184037176573
10.0,0.25,5,5,False,0.862572995088599,0.03241844537790882,0.02331093847422209,0.00433239726334789,0.1457660279678758,0.040404871820264046
10.0,0.25,5,5,True,0.843916565413618,0.05809652165208577,0.0237877933221402,0.0044578007559399856,0.16622774275411642,0.05968454131215593
10.0,0.25,5,10,False,0.8348632442490963,0.05468596597093592,0.02480376628843846,0.004728604799502503,0.17852223914798843,0.05596850813506234
10.0,0.25,5,10,True,0.8235068872602458,0.05779501577966673,0.025152970505076182,0.004653350477634407,0.19068426449323994,0.059054693004800554
10.0,0.25,10,1,False,0.8428424559850562,0.05124773740924863,0.02448343199843868,0.004485806480965238,0.16616716668422554,0.05371061739270462
10.0,0.25,10,1,True,0.8511227045389216,0.042290343316651775,0.024122142683955437,0.0046048202370239525,0.15857505124273422,0.050133541313695996
10.0,0.25,10,2,False,0.8565617868910103,0.036907052036518305,0.023953359511307556,0.00422242793922651,0.15200050001756363,0.04479362165929677
10.0,0.25,10,2,True,0.8349621786701338,0.06506992984882891,0.024953189862697317,0.005653331182364168,0.17410300155328834,0.0673856547211687
10.0,0.25,10,5,False,0.862572995088599,0.03241844537790882,0.02331093847422209,0.00433239726334789,0.1457660279678758,0.040404871820264046
10.0,0.25,10,5,True,0.843916565413618,0.05809652165208577,0.0237877933221402,0.0044578007559399856,0.16622774275411642,0.05968454131215593
10.0,0.25,10,10,False,0.8348632442490963,0.05468596597093592,0.02480376628843846,0.004728604799502503,0.17852223914798843,0.05596850813506234
10.0,0.25,10,10,True,0.8235068872602458,0.05779501577966673,0.025152970505076182,0.004653350477634407,0.19068426449323994,0.059054693004800554
10.0,0.5,2,1,False,0.8348883348624856,0.051446228108798384,0.026712303421482224,0.0057084813013663594,0.17079529218191686,0.05604546674837651
10.0,0.5,2,1,True,0.8374632565224795,0.04343647362976484,0.026583790894607995,0.0052737260325926745,0.17311666387440613,0.053917328415878686
10.0,0.5,2,2,False,0.843826591196059,0.04544698605106682,0.02567373239326472,0.00544189221062845,0.15932636514622345,0.049967020311113455
10.0,0.5,2,2,True,0.8426576684581878,0.04290228231559689,0.025332636951757147,0.005395025008718808,0.16872853905926186,0.05172787012646136
10.0,0.5,2,5,False,0.8365370004214572,0.04429754282565869,0.026800911149473278,0.006379215337024231,0.17612908623465334,0.05362936765808296
10.0,0.5,2,5,True,0.8451026680213897,0.039517459679055844,0.025657054673794616,0.00515761000111271,0.16649251421454278,0.048572869680584475
10.0,0.5,2,10,False,0.8226364567443184,0.06347993929751972,0.027344501708944046,0.006816796691213441,0.18674946482086716,0.06815567520488429
10.0,0.5,2,10,True,0.8074751915487237,0.05830671719991591,0.028345099858071328,0.006277905556880205,0.20687590670196193,0.06293153536217239
10.0,0.5,5,1,False,0.8293244775947765,0.04926447040512125,0.027063258622013288,0.005093307840133454,0.17593171631678664,0.05507060599234704
10.0,0.5,5,1,True,0.8491788340536166,0.0299481970040403,0.025491542247912898,0.004602290432623146,0.1614925142145444,0.038632160082001356
10.0,0.5,5,2,False,0.8404105273640623,0.04456509461181847,0.02629602676555909,0.00511648621738993,0.16488795934911987,0.04801802028473361
10.0,0.5,5,2,True,0.8452574229685451,0.03643633633365292,0.02597916290659231,0.004110189923931469,0.16440918088121087,0.04591400337950036
10.0,0.5,5,5,False,0.8365370004214572,0.04429754282565869,0.026800911149473278,0.006379215337024231,0.17612908623465334,0.05362936765808296
10.0,0.5,5,5,True,0.8451026680213897,0.039517459679055844,0.025657054673794616,0.00515761000111271,0.16649251421454278,0.048572869680584475
10.0,0.5,5,10,False,0.8226364567443184,0.06347993929751972,0.027344501708944046,0.006816796691213441,0.18674946482086716,0.06815567520488429
10.0,0.5,5,10,True,0.8074751915487237,0.05830671719991591,0.028345099858071328,0.006277905556880205,0.20687590670196193,0.06293153536217239
10.0,0.5,10,1,False,0.8248965683941135,0.04791562903841716,0.027727812413397734,0.005395068519310952,0.18428131702663395,0.05230392609210662
10.0,0.5,10,1,True,0.8437500697610665,0.03767735295619568,0.025794426283854817,0.005147245832629639,0.16732584754787608,0.045462141133142245
10.0,0.5,10,2,False,0.8378411498086263,0.043091181653307525,0.026928806588343727,0.00687655145249753,0.1693390698328393,0.048296999341745445
10.0,0.5,10,2,True,0.8461800959217431,0.04504494507096631,0.025781907424627208,0.006023387234949678,0.16357584754787757,0.05374709029282902
10.0,0.5,10,5,False,0.8365370004214572,0.04429754282565869,0.026800911149473278,0.006379215337024231,0.17612908623465334,0.05362936765808296
10.0,0.5,10,5,True,0.8451026680213897,0.039517459679055844,0.025657054673794616,0.00515761000111271,0.16649251421454278,0.048572869680584475
10.0,0.5,10,10,False,0.8226364567443184,0.06347993929751972,0.027344501708944046,0.006816796691213441,0.18674946482086716,0.06815567520488429
10.0,0.5,10,10,True,0.8074751915487237,0.05830671719991591,0.028345099858071328,0.006277905556880205,0.20687590670196193,0.06293153536217239
20.0,sqrt,2,1,False,0.8406622149141135,0.021844173802476472,0.02689683203054216,0.004470510478798228,0.17118609961465248,0.02501814826460888
20.0,sqrt,2,1,True,0.8238260333289246,0.04233253816562292,0.02746269980835499,0.003540311887658157,0.18742664478376395,0.04179394337836035
20.0,sqrt,2,2,False,0.8351565467978361,0.03379200280510101,0.027300380356622002,0.003640982290713331,0.17414181160452577,0.041012495260767154
20.0,sqrt,2,2,True,0.8026339097746671,0.06550990981666106,0.029382204322775256,0.004284950841228076,0.20768287664713236,0.05998950091834704
20.0,sqrt,2,5,False,0.8199329353075798,0.02873024937750125,0.02823992572182814,0.002680945594736669,0.194891512214469,0.037723520049429644
20.0,sqrt,2,5,True,0.7951699576074323,0.07022175234258761,0.02784224264265686,0.0048937786578902515,0.2161055797204506,0.0701388945639876
20.0,sqrt,2,10,False,0.8009420705898591,0.059677055898091434,0.028443991944154277,0.003782454760443514,0.20856538182311501,0.055480006974548184
20.0,sqrt,2,10,True,0.755274152823912,0.0619494373031295,0.030566033687208775,0.004116260629486418,0.24859807428591849,0.058635161599458835
20.0,sqrt,5,1,False,0.8398498375808391,0.03751619381582548,0.026045217331638136,0.003351406958226914,0.17203513929133046,0.04314439648662563
20.0,sqrt,5,1,True,0.8053828443547569,0.06646033056831815,0.027919454940699955,0.004804399596215092,0.20427759714402566,0.06261824879460738
20.0,sqrt,5,2,False,0.82925687360489,0.03652794641704232,0.027314702197395298,0.0026834520158214355,0.1812450318832089,0.04542402870376458
20.0,sqrt,5,2,True,0.8026624251063759,0.06861936823243503,0.028012046568221927,0.004574273072425542,0.208923156036478,0.06568641763500559
20.0,sqrt,5,5,False,0.8199329353075798,0.02873024937750125,0.02823992572182814,0.002680945594736669,0.194891512214469,0.037723520049429644
20.0,sqrt,5,5,True,0.7951699576074323,0.07022175234258761,0.02784224264265686,0.0048937786578902515,0.2161055797204506,0.0701388945639876
20.0,sqrt,5,10,False,0.8009420705898591,0.059677055898091434,0.028443991944154277,0.003782454760443514,0.20856538182311501,0.055480006974548184
20.0,sqrt,5,10,True,0.755274152823912,0.0619494373031295,0.030566033687208775,0.004116260629486418,0.24859807428591849,0.058635161599458835
20.0,sqrt,10,1,False,0.8380334639323618,0.03660873738052741,0.026481003418374522,0.005578287143720057,0.17372077508410905,0.040043670256260266
20.0,sqrt,10,1,True,0.8109852720545515,0.051725225645887274,0.026522842066823614,0.0029902158253606458,0.20509231038109715,0.05306053141774735
20.0,sqrt,10,2,False,0.8336896303615019,0.03782113193458724,0.026471181189760475,0.0049506478975899085,0.1804699012167726,0.043845819915049794
20.0,sqrt,10,2,True,0.8135693542839946,0.04918661100347879,0.027231535199284108,0.003200819692211946,0.19970472953544488,0.052342750311264764
20.0,sqrt,10,5,False,0.8199329353075798,0.02873024937750125,0.02823992572182814,0.002680945594736669,0.194891512214469,0.037723520049429644
20.0,sqrt,10,5,True,0.7951699576074323,0.07022175234258761,0.02784224264265686,0.0048937786578902515,0.2161055797204506,0.0701388945639876
20.0,sqrt,10,10,False,0.8009420705898591,0.059677055898091434,0.028443991944154277,0.003782454760443514,0.20856538182311501,0.055480006974548184
20.0,sqrt,10,10,True,0.755274152823912,0.0619494373031295,0.030566033687208775,0.004116260629486418,0.24859807428591849,0.058635161599458835
20.0,log2,2,1,False,0.7973293861457479,0.028099779250083716,0.032611972504913746,0.003575798916148203,0.21954564896798137,0.03360937906076153
20.0,log2,2,1,True,0.7195904382056377,0.05583084483785008,0.03821780506988169,0.006696451145094899,0.2905742611425372,0.057287295075478924
20.0,log2,2,2,False,0.7897545877728763,0.05765734603150331,0.03180919351728757,0.005171003772661984,0.2238325970095843,0.05766460360862146
20.0,log2,2,2,True,0.7330733685443639,0.05041431627129909,0.03600798567359138,0.0048009107639219615,0.28469864348896745,0.044714644838917496
20.0,log2,2,5,False,0.7798647699617058,0.06137208203108837,0.032478414731542414,0.004831378787687661,0.23628926301438397,0.059608227656734354
20.0,log2,2,5,True,0.6451012267294078,0.08840556718138369,0.042843446283573616,0.007843594435790828,0.35771354215136786,0.0832236308073369
20.0,log2,2,10,False,0.7397940787200434,0.06231048753216475,0.03468001324504179,0.004879167976909111,0.2717778794703797,0.05823969720237959
20.0,log2,2,10,True,0.6268291449314483,0.05515213318794588,0.04331526840973636,0.005957345796194454,0.3739718542326539,0.044064006481101196
20.0,log2,5,1,False,0.7965294840785202,0.06366773383841798,0.030343051016767285,0.0055559439071335365,0.21713678971129186,0.06528657096245828
20.0,log2,5,1,True,0.7437561403193793,0.06973016445100763,0.03560389130300159,0.006251814219752257,0.27092976743748887,0.06200881331812731
20.0,log2,5,2,False,0.7925176483213999,0.06630845179140127,0.031335670194414786,0.0067284446407928885,0.21762191380045542,0.06602705422764196
20.0,log2,5,2,True,0.7038520104078163,0.09328664646640732,0.03803148472211705,0.006176373017186516,0.29835576793801777,0.08102755994547052
20.0,log2,5,5,False,0.7798647699617058,0.06137208203108837,0.032478414731542414,0.004831378787687661,0.23628926301438397,0.059608227656734354
20.0,log2,5,5,True,0.6451012267294078,0.08840556718138369,0.042843446283573616,0.007843594435790828,0.35771354215136786,0.0832236308073369
20.0,log2,5,10,False,0.7397940787200434,0.06231048753216475,0.03468001324504179,0.004879167976909111,0.2717778794703797,0.05823969720237959
20.0,log2,5,10,True,0.6268291449314483,0.05515213318794588,0.04331526840973636,0.005957345796194454,0.3739718542326539,0.044064006481101196
20.0,log2,10,1,False,0.7960996996456104,0.04621705688251677,0.03194890032133009,0.00466014878539014,0.22062453229996898,0.045483895630696186
20.0,log2,10,1,True,0.7094931823629097,0.06634947238454512,0.036407543179533784,0.005363875536435647,0.30060449746935086,0.06258286961116026
20.0,log2,10,2,False,0.8011280109904133,0.03795382436357178,0.030229560098509235,0.005091840055727497,0.2164127606347792,0.041455273273413716
20.0,log2,10,2,True,0.718511315022466,0.05693078777736187,0.036146613091210075,0.003344076676298706,0.2911465408297205,0.047580462891721624
20.0,log2,10,5,False,0.7798647699617058,0.06137208203108837,0.032478414731542414,0.004831378787687661,0.23628926301438397,0.059608227656734354
20.0,log2,10,5,True,0.6451012267294078,0.08840556718138369,0.042843446283573616,0.007843594435790828,0.35771354215136786,0.0832236308073369
20.0,log2,10,10,False,0.7397940787200434,0.06231048753216475,0.03468001324504179,0.004879167976909111,0.2717778794703797,0.05823969720237959
20.0,log2,10,10,True,0.6268291449314483,0.05515213318794588,0.04331526840973636,0.005957345796194454,0.3739718542326539,0.044064006481101196
20.0,0.1,2,1,False,0.8463481717806565,0.03662163970410771,0.024880806527746976,0.00427760678082879,0.16482967912003232,0.04253763111746126
20.0,0.1,2,1,True,0.8161736743844832,0.06757686917278884,0.026507598769426304,0.0043943445233061585,0.19371869124661265,0.06712201617879687
20.0,0.1,2,2,False,0.8399910441785499,0.062236176055844576,0.024791192297318354,0.006069522525054637,0.1708069084124761,0.06174541449226833
20.0,0.1,2,2,True,0.8053344101297089,0.07747776110376679,0.026070041019869438,0.00536643881374712,0.20397734305028964,0.07620867881845128
20.0,0.1,2,5,False,0.8362832956233379,0.05248129192356623,0.02573975632065948,0.004967625218430496,0.17649222206362788,0.05873001034347242
20.0,0.1,2,5,True,0.8200254518278722,0.06773588084624108,0.025896742310881272,0.0044721550859527,0.18956952260986779,0.06652412453191885
20.0,0.1,2,10,False,0.8242185944732026,0.05642094863609533,0.026236528759779415,0.003761889739947967,0.18625486625173476,0.05776160072960735
20.0,0.1,2,10,True,0.7687237779693936,0.07950770804600667,0.02852139837356622,0.005388344904793106,0.23769679130389054,0.07628692650404387
20.0,0.1,5,1,False,0.8495005139954619,0.04242893718320999,0.02491282111828689,0.004628752857007173,0.1638273868987961,0.049891015716966476
20.0,0.1,5,1,True,0.8257634260108558,0.067376206959674,0.025503320717667748,0.005608442289461258,0.1824888910261324,0.06651067669051472
20.0,0.1,5,2,False,0.8416444012167636,0.043558170065367434,0.02601775798902705,0.005161809449840964,0.16699841618007488,0.049635059832384164
20.0,0.1,5,2,True,0.8231843777220469,0.06150135797799321,0.025767326893431412,0.004395163796968402,0.1900017741057821,0.06446553971149244
20.0,0.1,5,5,False,0.8362832956233379,0.05248129192356623,0.02573975632065948,0.004967625218430496,0.17649222206362788,0.05873001034347242
20.0,0.1,5,5,True,0.8200254518278722,0.06773588084624108,0.025896742310881272,0.0044721550859527,0.18956952260986779,0.06652412453191885
20.0,0.1,5,10,False,0.8242185944732026,0.05642094863609533,0.026236528759779415,0.003761889739947967,0.18625486625173476,0.05776160072960735
20.0,0.1,5,10,True,0.7687237779693936,0.07950770804600667,0.02852139837356622,0.005388344904793106,0.23769679130389054,0.07628692650404387
20.0,0.1,10,1,False,0.8311910800536271,0.04749477949771962,0.02685820184682291,0.0052337998209183775,0.18143090656752953,0.05682081448516905
20.0,0.1,10,1,True,0.8288626971345856,0.055950542582151506,0.0263625208735572,0.004328611123349891,0.18094092294866382,0.0577609338807733
20.0,0.1,10,2,False,0.8460868913811531,0.03776219874390928,0.02541197789861783,0.004376847261822282,0.16663714959986298,0.045010730415305525
20.0,0.1,10,2,True,0.8275575202209365,0.05772209405270401,0.02498368324376832,0.004972709141915423,0.18517614424909828,0.059974859051735704
20.0,0.1,10,5,False,0.8362832956233379,0.05248129192356623,0.02573975632065948,0.004967625218430496,0.17649222206362788,0.05873001034347242
20.0,0.1,10,5,True,0.8200254518278722,0.06773588084624108,0.025896742310881272,0.0044721550859527,0.18956952260986779,0.06652412453191885
20.0,0.1,10,10,False,0.8242185944732026,0.05642094863609533,0.026236528759779415,0.003761889739947967,0.18625486625173476,0.05776160072960735
20.0,0.1,10,10,True,0.7687237779693936,0.07950770804600667,0.02852139837356622,0.005388344904793106,0.23769679130389054,0.07628692650404387
20.0,0.25,2,1,False,0.8576926001896077,0.03546543609119857,0.0243987344564873,0.004128894084867418,0.1465165455662208,0.04168662465050101
20.0,0.25,2,1,True,0.8612493419906023,0.020813150298084383,0.02379169395195793,0.0032498028549772765,0.1497991713255528,0.027547652635166342
20.0,0.25,2,2,False,0.8462931062541204,0.05600071522640202,0.02467288461717567,0.005211128882977444,0.159394157085132,0.06113723355917258
20.0,0.25,2,2,True,0.8513895528041129,0.030570402791699557,0.024976440756105615,0.00475621297924198,0.1579606449450994,0.037306953001034676
20.0,0.25,2,5,False,0.8492734018371267,0.04919338952062724,0.024117596451787883,0.0038425335863990473,0.1579684089202534,0.05154779658413752
20.0,0.25,2,5,True,0.8386117119739527,0.056862988932570774,0.02480653721966831,0.00433822336057204,0.17084730797150752,0.05839172192117902
20.0,0.25,2,10,False,0.8343496310693297,0.05271521028855803,0.024952276278146272,0.004929868267278778,0.17881209422045222,0.05406632641503202
20.0,0.25,2,10,True,0.8114886999009083,0.0639080022678282,0.025045044930952786,0.004550952856397056,0.20066614855120588,0.06203111676306123
20.0,0.25,5,1,False,0.8506312114507578,0.03877741192903739,0.024555539061099665,0.004249854268079854,0.15925699352405537,0.04739367664591962
20.0,0.25,5,1,True,0.8468429390155021,0.05175923836908648,0.02432845697269592,0.004183190501179981,0.16129835795672276,0.05250591930263163
20.0,0.25,5,2,False,0.8529038334515657,0.03944338835870007,0.02411193194536074,0.004693283385467781,0.1568416578245583,0.04636865804324276
20.0,0.25,5,2,True,0.8532334591572559,0.04098437313661119,0.024170892041842917,0.005653846990550708,0.15781262526291698,0.04708177598488635
20.0,0.25,5,5,False,0.8492734018371267,0.04919338952062724,0.024117596451787883,0.0038425335863990473,0.1579684089202534,0.05154779658413752
20.0,0.25,5,5,True,0.8386117119739527,0.056862988932570774,0.02480653721966831,0.00433822336057204,0.17084730797150752,0.05839172192117902
20.0,0.25,5,10,False,0.8343496310693297,0.05271521028855803,0.024952276278146272,0.004929868267278778,0.17881209422045222,0.05406632641503202
20.0,0.25,5,10,True,0.8114886999009083,0.0639080022678282,0.025045044930952786,0.004550952856397056,0.20066614855120588,0.06203111676306123
20.0,0.25,10,1,False,0.8473097358462809,0.03664562509172184,0.025251503673269275,0.003327738039169235,0.1632787326544899,0.0448399716579793
20.0,0.25,10,1,True,0.8382733466763561,0.05421933718276908,0.025357538124133265,0.004444350176567255,0.1682282603524632,0.056245016514659046
20.0,0.25,10,2,False,0.8469688847227379,0.041307887893987434,0.02522847883059834,0.004256538972505412,0.16327873265448986,0.05157207316034774
20.0,0.25,10,2,True,0.8389564263520606,0.05322000827854265,0.024771983814043934,0.00411753292939236,0.1690434777437662,0.054560008996508466
20.0,0.25,10,5,False,0.8492734018371267,0.04919338952062724,0.024117596451787883,0.0038425335863990473,0.1579684089202534,0.05154779658413752
20.0,0.25,10,5,True,0.8386117119739527,0.056862988932570774,0.02480653721966831,0.00433822336057204,0.17084730797150752,0.05839172192117902
20.0,0.25,10,10,False,0.8343496310693297,0.05271521028855803,0.024952276278146272,0.004929868267278778,0.17881209422045222,0.05406632641503202
20.0,0.25,10,10,True,0.8114886999009083,0.0639080022678282,0.025045044930952786,0.004550952856397056,0.20066614855120588,0.06203111676306123
20.0,0.5,2,1,False,0.8325326339203466,0.05014656632712366,0.026331993473602534,0.005479996129301584,0.1758799564824168,0.05676404945201174
20.0,0.5,2,1,True,0.8436549778904338,0.040527473917293076,0.026270520155681144,0.005709458718512728,0.16643299040502027,0.04915067400136239
20.0,0.5,2,2,False,0.8385437076795993,0.04587065296904762,0.026557194905511443,0.005769348552926817,0.16471789132191078,0.05035785384160283
20.0,0.5,2,2,True,0.8415626695990224,0.043872251671987696,0.02548323716624377,0.005437022462820314,0.16962139620211894,0.05231808772900567
20.0,0.5,2,5,False,0.8409519256314921,0.04059823379230268,0.026014379836698586,0.005766779454486954,0.17156238999093879,0.05031182554412719
20.0,0.5,2,5,True,0.8413494104854232,0.035105492619242055,0.025957797950030854,0.004849213426240133,0.17148475023938597,0.04347164276673292
20.0,0.5,2,10,False,0.8210380622774063,0.06242763527558133,0.027645286916644148,0.006536034049311621,0.1883229637856704,0.06746572651227961
20.0,0.5,2,10,True,0.8122450259702187,0.06044958409228174,0.0278567780576561,0.00630113936072719,0.200209240035297,0.06672129183349579
20.0,0.5,5,1,False,0.832487651875034,0.04982866322668152,0.026453258834309528,0.005396151299355918,0.17369384290655304,0.054690188569175846
20.0,0.5,5,1,True,0.8554056180170171,0.03351688817271153,0.024729566776318563,0.004470420931993442,0.15397439827251716,0.043272912624052355
20.0,0.5,5,2,False,0.834353216576772,0.04731820364815829,0.026479278512835817,0.005463608650622915,0.17469977537987674,0.05465121086716104
20.0,0.5,5,2,True,0.8457553038335677,0.037699567179428774,0.025927883650458245,0.0047003210039427154,0.163474915870859,0.04632629678468511
20.0,0.5,5,5,False,0.8409519256314921,0.04059823379230268,0.026014379836698586,0.005766779454486954,0.17156238999093879,0.05031182554412719
20.0,0.5,5,5,True,0.8413494104854232,0.035105492619242055,0.025957797950030854,0.004849213426240133,0.17148475023938597,0.04347164276673292
20.0,0.5,5,10,False,0.8210380622774063,0.06242763527558133,0.027645286916644148,0.006536034049311621,0.1883229637856704,0.06746572651227961
20.0,0.5,5,10,True,0.8122450259702187,0.06044958409228174,0.0278567780576561,0.00630113936072719,0.200209240035297,0.06672129183349579
20.0,0.5,10,1,False,0.825844588318485,0.04698409204066484,0.02815631699790977,0.005632100463253416,0.18112914311359202,0.051851767633727765
20.0,0.5,10,1,True,0.8401679754515812,0.04014757132907873,0.02640580154096253,0.0051557595228975545,0.17156128085163197,0.05010072738831005
20.0,0.5,10,2,False,0.8391204100729975,0.03818469568764531,0.027109704499432397,0.005758663939971854,0.16652172154965397,0.04282948655063817
20.0,0.5,10,2,True,0.8477539696059064,0.041194825602027814,0.025472875187796683,0.005328946763236607,0.1616710856431158,0.04912936874025282
20.0,0.5,10,5,False,0.8409519256314921,0.04059823379230268,0.026014379836698586,0.005766779454486954,0.17156238999093879,0.05031182554412719
20.0,0.5,10,5,True,0.8413494104854232,0.035105492619242055,0.025957797950030854,0.004849213426240133,0.17148475023938597,0.04347164276673292
20.0,0.5,10,10,False,0.8210380622774063,0.06242763527558133,0.027645286916644148,0.006536034049311621,0.1883229637856704,0.06746572651227961
20.0,0.5,10,10,True,0.8122450259702187,0.06044958409228174,0.0278567780576561,0.00630113936072719,0.200209240035297,0.06672129183349579
,sqrt,2,1,False,0.8374982221240732,0.04143750456489462,0.027080611371631473,0.005847820113824329,0.17241872309882866,0.0474165360878207
,sqrt,2,1,True,0.820200326320468,0.047827560475437285,0.028203148107786947,0.003522952545348818,0.1915589281318855,0.04717897578974826
,sqrt,2,2,False,0.836887630661864,0.030558572779252956,0.027209115753106944,0.0029531275504318653,0.17359005177015727,0.03946839023393669
,sqrt,2,2,True,0.8025558471740281,0.06787149299054049,0.029373899241106127,0.004886810660313347,0.2080736633966147,0.06258671533590836
,sqrt,2,5,False,0.8234139696194394,0.021956896369822898,0.028823278816768383,0.0032818393621863993,0.18965489582878722,0.025305403816678704
,sqrt,2,5,True,0.7919781680117797,0.07310178900460161,0.028526963254195913,0.005479581164814973,0.21982734708352208,0.07370534724188472
,sqrt,2,10,False,0.7987038228870269,0.05867863190235574,0.028903948654110983,0.004039619544013901,0.21075999880034058,0.05443462926328777
,sqrt,2,10,True,0.7567950430044925,0.0629790121057175,0.03024292477857356,0.004481972046228679,0.24702457532111527,0.05953161008111748
,sqrt,5,1,False,0.8400158648407425,0.0347298603816834,0.02604540818789965,0.003702135804631824,0.17420984863995154,0.04103231919789007
,sqrt,5,1,True,0.7951495861704451,0.0644196259978654,0.028512720274431025,0.00473898380048244,0.21619991395764346,0.062342878766158225
,sqrt,5,2,False,0.843365584756536,0.03629634936373504,0.025334184978967972,0.0030403092655952218,0.16768315897351194,0.04558028178805858
,sqrt,5,2,True,0.8073772951575764,0.06464387326868097,0.02769943117393685,0.004586619249210474,0.20322469766255544,0.06065351466093137
,sqrt,5,5,False,0.8234139696194394,0.021956896369822898,0.028823278816768383,0.0032818393621863993,0.18965489582878722,0.025305403816678704
,sqrt,5,5,True,0.7919781680117797,0.07310178900460161,0.028526963254195913,0.005479581164814973,0.21982734708352208,0.07370534724188472
,sqrt,5,10,False,0.7987038228870269,0.05867863190235574,0.028903948654110983,0.004039619544013901,0.21075999880034058,0.05443462926328777
,sqrt,5,10,True,0.7567950430044925,0.0629790121057175,0.03024292477857356,0.004481972046228679,0.24702457532111527,0.05953161008111748
,sqrt,10,1,False,0.8396346872364286,0.037559696844503054,0.026268344886071354,0.0044555868278807744,0.17204943658823654,0.04351526278244553
,sqrt,10,1,True,0.8053252072488764,0.05337880275547808,0.027460907341577533,0.0032336252836802177,0.21033349776514135,0.05517241491146137
,sqrt,10,2,False,0.8337854589385134,0.03945162477124079,0.02677386389950288,0.006000036311077066,0.18056934059726798,0.044723110878065936
,sqrt,10,2,True,0.8098063135259397,0.050288591390286144,0.027889959459431447,0.0038933000841243895,0.20294489516691466,0.05350941807532355
,sqrt,10,5,False,0.8234139696194394,0.021956896369822898,0.028823278816768383,0.0032818393621863993,0.18965489582878722,0.025305403816678704
,sqrt,10,5,True,0.7919781680117797,0.07310178900460161,0.028526963254195913,0.005479581164814973,0.21982734708352208,0.07370534724188472
,sqrt,10,10,False,0.7987038228870269,0.05867863190235574,0.028903948654110983,0.004039619544013901,0.21075999880034058,0.05443462926328777
,sqrt,10,10,True,0.7567950430044925,0.0629790121057175,0.03024292477857356,0.004481972046228679,0.24702457532111527,0.05953161008111748
,log2,2,1,False,0.7776606809584423,0.03795038916876682,0.03523997190849883,0.0036811024835581834,0.23327521391649056,0.045600218056807376
,log2,2,1,True,0.7123969391833722,0.06087959518410748,0.03919224987339299,0.005331228648798266,0.2994355447864269,0.05911731436235684
,log2,2,2,False,0.7719626619974653,0.06005346369108613,0.03261679426095286,0.004824278195604544,0.23685381492210295,0.06096388412782508
,log2,2,2,True,0.7349751593727853,0.06277932758656811,0.03601078833103993,0.003983079791252124,0.2757742733456572,0.0528051265680079
,log2,2,5,False,0.7729126581778896,0.048869359922848125,0.03344723329976254,0.0037991508692282543,0.2402954741945082,0.04884364148062431
,log2,2,5,True,0.6673004772028996,0.08111188588370344,0.04118438887297297,0.0059880120713657475,0.3413558987595674,0.07605149065091096
,log2,2,10,False,0.7420720318375611,0.06193792628673861,0.034082837627602766,0.004447113226125593,0.26923900271566464,0.0567332565309778
,log2,2,10,True,0.6293256036965638,0.05263332788735908,0.04298872713491923,0.005458035367332566,0.3721266161374159,0.041991169614526175
,log2,5,1,False,0.7891467708929815,0.04429480350651594,0.032896891840660025,0.005651880006182395,0.2256863178229343,0.050888359432831265
,log2,5,1,True,0.7569012868019156,0.050928774581543726,0.03642184060643523,0.005400424076057094,0.26348609827022146,0.05265922332699946
,log2,5,2,False,0.8043039980170956,0.05006271125856835,0.030830600113854655,0.005683567849067529,0.20588328751990703,0.05291821084360225
,log2,5,2,True,0.7134356620419867,0.07593065280700707,0.036761160898861486,0.005399467505247848,0.289976825451934,0.064379774617831
,log2,5,5,False,0.7729126581778896,0.048869359922848125,0.03344723329976254,0.0037991508692282543,0.2402954741945082,0.04884364148062431
,log2,5,5,True,0.6673004772028996,0.08111188588370344,0.04118438887297297,0.0059880120713657475,0.3413558987595674,0.07605149065091096
,log2,5,10,False,0.7420720318375611,0.06193792628673861,0.034082837627602766,0.004447113226125593,0.26923900271566464,0.0567332565309778
,log2,5,10,True,0.6293256036965638,0.05263332788735908,0.04298872713491923,0.005458035367332566,0.3721266161374159,0.041991169614526175
,log2,10,1,False,0.7873996113382168,0.04291262556672281,0.0330407025632317,0.006029575149193254,0.23256121052856954,0.04210379668120018
,log2,10,1,True,0.6998697756529616,0.062244933451995874,0.03709778041465055,0.00392740961960939,0.3042663713097961,0.05961849245797693
,log2,10,2,False,0.8055094441558062,0.04563234680353666,0.030064255429714998,0.004649032218233652,0.20948805128616038,0.05247052910316232
,log2,10,2,True,0.7061469604336542,0.06547096759346198,0.037732273029501974,0.003620104798931395,0.3026481810114839,0.05980787338732534
,log2,10,5,False,0.7729126581778896,0.048869359922848125,0.03344723329976254,0.0037991508692282543,0.2402954741945082,0.04884364148062431
,log2,10,5,True,0.6673004772028996,0.08111188588370344,0.04118438887297297,0.0059880120713657475,0.3413558987595674,0.07605149065091096
,log2,10,10,False,0.7420720318375611,0.06193792628673861,0.034082837627602766,0.004447113226125593,0.26923900271566464,0.0567332565309778
,log2,10,10,True,0.6293256036965638,0.05263332788735908,0.04298872713491923,0.005458035367332566,0.3721266161374159,0.041991169614526175
,0.1,2,1,False,0.8523803864356214,0.03797028306788677,0.024152035534097525,0.004656937896963595,0.1604500577062497,0.045261555143178436
,0.1,2,1,True,0.8202447080893445,0.06922365757978838,0.025427020914580545,0.005114239645777814,0.1916234133361156,0.06702023066979731
,0.1,2,2,False,0.8455205751321626,0.05989684049780856,0.0238695616700922,0.005456816112516937,0.16514055096040473,0.05882206182843762
,0.1,2,2,True,0.8030700240820652,0.07826507611450675,0.02651990195747992,0.005168033372397961,0.20626821987532779,0.07656307059505828
,0.1,2,5,False,0.8353826526264111,0.05547751063637998,0.026058465515276113,0.005827231448324116,0.17812907641010936,0.060871136145745984
,0.1,2,5,True,0.8173535941236892,0.06810419735113259,0.026397624901987958,0.004590816598770861,0.19236714165748667,0.06728394092193266
,0.1,2,10,False,0.8232440265918628,0.05796149877621361,0.02640073237225889,0.004123254148000938,0.18708819958506803,0.05972668904023634
,0.1,2,10,True,0.7687237779693936,0.07950770804600667,0.02852139837356622,0.005388344904793106,0.23769679130389054,0.07628692650404387
,0.1,5,1,False,0.8513104419997536,0.041738850546246244,0.024240954045264624,0.004767737292676633,0.16087559748737956,0.04981763649556394
,0.1,5,1,True,0.8307764569379541,0.06092006021822832,0.02583817567761702,0.005784077641770092,0.18028109881834162,0.06456274709477877
,0.1,5,2,False,0.836464349490375,0.04790189128173852,0.02663006544878397,0.006482105078100523,0.17482426786462044,0.054227367736395346
,0.1,5,2,True,0.8233425734329349,0.060881867275484024,0.025775749438372332,0.004385784010303021,0.1900612979153059,0.06365135462904754
,0.1,5,5,False,0.8353826526264111,0.05547751063637998,0.026058465515276113,0.005827231448324116,0.17812907641010936,0.060871136145745984
,0.1,5,5,True,0.8173535941236892,0.06810419735113259,0.026397624901987958,0.004590816598770861,0.19236714165748667,0.06728394092193266
,0.1,5,10,False,0.8232440265918628,0.05796149877621361,0.02640073237225889,0.004123254148000938,0.18708819958506803,0.05972668904023634
,0.1,5,10,True,0.7687237779693936,0.07950770804600667,0.02852139837356622,0.005388344904793106,0.23769679130389054,0.07628692650404387
,0.1,10,1,False,0.8359787688130524,0.039469008121057,0.026835312405685218,0.0046234986152698925,0.17708640789849828,0.04879244375642166
,0.1,10,1,True,0.8294554192557124,0.05715631854163467,0.02616055754000879,0.004691679330719385,0.17998854199628295,0.05836092759289056
,0.1,10,2,False,0.8477150872485965,0.031177150013601475,0.025126620107588538,0.0035895747365778273,0.16499198317208796,0.03792387715215032
,0.1,10,2,True,0.83094702250532,0.058206359341552355,0.02436996015924394,0.0045174751489098575,0.18208867012901567,0.06078439886215911
,0.1,10,5,False,0.8353826526264111,0.05547751063637998,0.026058465515276113,0.005827231448324116,0.17812907641010936,0.060871136145745984
,0.1,10,5,True,0.8173535941236892,0.06810419735113259,0.026397624901987958,0.004590816598770861,0.19236714165748667,0.06728394092193266
,0.1,10,10,False,0.8232440265918628,0.05796149877621361,0.02640073237225889,0.004123254148000938,0.18708819958506803,0.05972668904023634
,0.1,10,10,True,0.7687237779693936,0.07950770804600667,0.02852139837356622,0.005388344904793106,0.23769679130389054,0.07628692650404387
,0.25,2,1,False,0.8568367739881593,0.03557566917394591,0.024534015841768682,0.004280092786381044,0.14713766357864314,0.04162570130775061
,0.25,2,1,True,0.8612493419906023,0.020813150298084383,0.02379169395195793,0.0032498028549772765,0.1497991713255528,0.027547652635166342
,0.25,2,2,False,0.8431490410170319,0.05332327850448581,0.02483708822965514,0.005021557126408131,0.16415606184703516,0.05758948930390096
,0.25,2,2,True,0.8513895528041129,0.030570402791699557,0.024976440756105615,0.00475621297924198,0.1579606449450994,0.037306953001034676
,0.25,2,5,False,0.8492734018371267,0.04919338952062724,0.024117596451787883,0.0038425335863990473,0.1579684089202534,0.05154779658413752
,0.25,2,5,True,0.8386117119739527,0.056862988932570774,0.02480653721966831,0.00433822336057204,0.17084730797150752,0.05839172192117902
,0.25,2,10,False,0.8343496310693297,0.05271521028855803,0.024952276278146272,0.004929868267278778,0.17881209422045222,0.05406632641503202
,0.25,2,10,True,0.8114886999009083,0.0639080022678282,0.025045044930952786,0.004550952856397056,0.20066614855120588,0.06203111676306123
,0.25,5,1,False,0.8506312114507578,0.03877741192903739,0.024555539061099665,0.004249854268079854,0.15925699352405537,0.04739367664591962
,0.25,5,1,True,0.8468429390155021,0.05175923836908648,0.02432845697269592,0.004183190501179981,0.16129835795672276,0.05250591930263163
,0.25,5,2,False,0.8529038334515657,0.03944338835870007,0.02411193194536074,0.004693283385467781,0.1568416578245583,0.04636865804324276
,0.25,5,2,True,0.8532334591572559,0.04098437313661119,0.024170892041842917,0.005653846990550708,0.15781262526291698,0.04708177598488635
,0.25,5,5,False,0.8492734018371267,0.04919338952062724,0.024117596451787883,0.0038425335863990473,0.1579684089202534,0.05154779658413752
,0.25,5,5,True,0.8386117119739527,0.056862988932570774,0.02480653721966831,0.00433822336057204,0.17084730797150752,0.05839172192117902
,0.25,5,10,False,0.8343496310693297,0.05271521028855803,0.024952276278146272,0.004929868267278778,0.17881209422045222,0.05406632641503202
,0.25,5,10,True,0.8114886999009083,0.0639080022678282,0.025045044930952786,0.004550952856397056,0.20066614855120588,0.06203111676306123
,0.25,10,1,False,0.8463977436856791,0.036941449660534,0.025401879613118898,0.0034236800312385687,0.16423111360687076,0.04523160734059974
,0.25,10,1,True,0.8382733466763561,0.05421933718276908,0.025357538124133265,0.004444350176567255,0.1682282603524632,0.056245016514659046
,0.25,10,2,False,0.8469688847227379,0.041307887893987434,0.02522847883059834,0.004256538972505412,0.16327873265448986,0.05157207316034774
,0.25,10,2,True,0.8389564263520606,0.05322000827854265,0.024771983814043934,0.00411753292939236,0.1690434777437662,0.054560008996508466
,0.25,10,5,False,0.8492734018371267,0.04919338952062724,0.024117596451787883,0.0038425335863990473,0.1579684089202534,0.05154779658413752
,0.25,10,5,True,0.8386117119739527,0.056862988932570774,0.02480653721966831,0.00433822336057204,0.17084730797150752,0.05839172192117902
,0.25,10,10,False,0.8343496310693297,0.05271521028855803,0.024952276278146272,0.004929868267278778,0.17881209422045222,0.05406632641503202
,0.25,10,10,True,0.8114886999009083,0.0639080022678282,0.025045044930952786,0.004550952856397056,0.20066614855120588,0.06203111676306123
,0.5,2,1,False,0.8325326339203466,0.05014656632712366,0.026331993473602534,0.005479996129301584,0.1758799564824168,0.05676404945201174
,0.5,2,1,True,0.8436549778904338,0.040527473917293076,0.026270520155681144,0.005709458718512728,0.16643299040502027,0.04915067400136239
,0.5,2,2,False,0.8385437076795993,0.04587065296904762,0.026557194905511443,0.005769348552926817,0.16471789132191078,0.05035785384160283
,0.5,2,2,True,0.8415626695990224,0.043872251671987696,0.02548323716624377,0.005437022462820314,0.16962139620211894,0.05231808772900567
,0.5,2,5,False,0.8409519256314921,0.04059823379230268,0.026014379836698586,0.005766779454486954,0.17156238999093879,0.05031182554412719
,0.5,2,5,True,0.8413494104854232,0.035105492619242055,0.025957797950030854,0.004849213426240133,0.17148475023938597,0.04347164276673292
,0.5,2,10,False,0.8210380622774063,0.06242763527558133,0.027645286916644148,0.006536034049311621,0.1883229637856704,0.06746572651227961
,0.5,2,10,True,0.8122450259702187,0.06044958409228174,0.0278567780576561,0.00630113936072719,0.200209240035297,0.06672129183349579
,0.5,5,1,False,0.8322660561942982,0.04979681014235186,0.026453258834309528,0.005396151299355918,0.1740251058465116,0.054604705761242274
,0.5,5,1,True,0.8554056180170171,0.03351688817271153,0.024729566776318563,0.004470420931993442,0.15397439827251716,0.043272912624052355
,0.5,5,2,False,0.834353216576772,0.04731820364815829,0.026479278512835817,0.005463608650622915,0.17469977537987674,0.05465121086716104
,0.5,5,2,True,0.8457553038335677,0.037699567179428774,0.025927883650458245,0.0047003210039427154,0.163474915870859,0.04632629678468511
,0.5,5,5,False,0.8409519256314921,0.04059823379230268,0.026014379836698586,0.005766779454486954,0.17156238999093879,0.05031182554412719
,0.5,5,5,True,0.8413494104854232,0.035105492619242055,0.025957797950030854,0.004849213426240133,0.17148475023938597,0.04347164276673292
,0.5,5,10,False,0.8210380622774063,0.06242763527558133,0.027645286916644148,0.006536034049311621,0.1883229637856704,0.06746572651227961
,0.5,5,10,True,0.8122450259702187,0.06044958409228174,0.0278567780576561,0.00630113936072719,0.200209240035297,0.06672129183349579
,0.5,10,1,False,0.8249133287178706,0.047210353885832904,0.028306692937759385,0.005736299372709325,0.18208152406597294,0.05220668988620519
,0.5,10,1,True,0.8401679754515812,0.04014757132907873,0.02640580154096253,0.0051557595228975545,0.17156128085163197,0.05010072738831005
,0.5,10,2,False,0.8391204100729975,0.03818469568764531,0.027109704499432397,0.005758663939971854,0.16652172154965397,0.04282948655063817
,0.5,10,2,True,0.8477539696059064,0.041194825602027814,0.025472875187796683,0.005328946763236607,0.1616710856431158,0.04912936874025282
,0.5,10,5,False,0.8409519256314921,0.04059823379230268,0.026014379836698586,0.005766779454486954,0.17156238999093879,0.05031182554412719
,0.5,10,5,True,0.8413494104854232,0.035105492619242055,0.025957797950030854,0.004849213426240133,0.17148475023938597,0.04347164276673292
,0.5,10,10,False,0.8210380622774063,0.06242763527558133,0.027645286916644148,0.006536034049311621,0.1883229637856704,0.06746572651227961
,0.5,10,10,True,0.8122450259702187,0.06044958409228174,0.0278567780576561,0.00630113936072719,0.200209240035297,0.06672129183349579
